출하번호,출하창고명,품명,수량,진행상태,인쇄
20260105-1,PP,PP6MM [PP6M／M10KG(백)] 외 2건,562.0000000000,진행중,인쇄
20251231-1,PP,PP6MM [PP6M／M10KG(백)] 외 3건,1042.0000000000,진행중,인쇄
20251230-3,PE,PE28mm 2kg [PE28M／M(백)2KG],640.0000000000,진행중,인쇄
20251230-2,PP,PP6MM [PP6M／M10KG(백)] 외 2건,562.0000000000,진행중,인쇄
20251230-1,PE,"PE28mm, 6KG [PE28M／M(백)6KG]",1200.0000000000,진행중,인쇄
20251229-2,PP,PP6MM [PP6M／M10KG(백)] 외 2건,761.0000000000,진행중,인쇄
20251229-1,PE,"PE28mm, 6KG [PE28M／M(백)6KG]",672.0000000000,진행중,인쇄
20251222-1,PP,PP6MM [PP6M／M10KG(백)] 외 2건,562.0000000000,진행중,인쇄
20251217-3,PP,PP6MM [PP6M／M10KG(백)] 외 2건,562.0000000000,진행중,인쇄
20251217-2,PP,PP6MM [PP6M／M10KG(백)] 외 1건,1683.0000000000,진행중,인쇄
20251217-1,PE,PE28mm 2kg [PE28M／M(백)2KG],1280.0000000000,진행중,인쇄
20251212-2,PP,PP6MM [PP6M／M10KG(백)] 외 1건,1122.0000000000,진행중,인쇄
20251212-1,PE,PE28mm 2kg [PE28M／M(백)2KG],640.0000000000,진행중,인쇄
20251211-1,PE,"PE28mm, 6KG [PE28M／M(백)6KG]",576.0000000000,진행중,인쇄
20251208-2,PP,PP6MM [PP6M／M10KG(백)] 외 1건,1122.0000000000,진행중,인쇄
20251208-1,PE,"PE28mm, 6KG [PE28M／M(백)6KG] 외 1건",872.0000000000,진행중,인쇄
20251202-1,PE,"PE28mm, 6KG [PE28M／M(백)6KG]",24.0000000000,진행중,인쇄
20251127-1,PE,PE28mm 2kg [PE28M／M(백)2KG],640.0000000000,진행중,인쇄
20251125-2,PP,PP12M [PP12M／M10KG(백)] 외 2건,1322.0000000000,진행중,인쇄
20251125-1,PE,PE28mm 2kg [PE28M／M(백)2KG],640.0000000000,진행중,인쇄
20251117-2,PE,PE28mm 2kg [PE28M／M(백)2KG] 외 1건,1312.0000000000,진행중,인쇄
20251117-1,PP,PP6MM [PP6M／M10KG(백)] 외 1건,1122.0000000000,진행중,인쇄
20251113-2,PP,PP6MM [PP6M／M10KG(황)],560.0000000000,진행중,인쇄
20251113-1,PE,PE28mm 2kg [PE28M／M(백)2KG] 외 1건,1840.0000000000,진행중,인쇄
20251112-2,PP,PP6MM [PP6M／M10KG(백)] 외 3건,1741.0000000000,진행중,인쇄
20251112-1,PE,PE28mm 2kg [PE28M／M(백)2KG],640.0000000000,진행중,인쇄
20251110-1,PP,PP6MM [PP6M／M10KG(백)] 외 2건,562.0000000000,진행중,인쇄
20251107-2,PP,PP6MM [PP6M／M10KG(백)] 외 2건,1161.0000000000,진행중,인쇄
20251107-1,PP,PP6MM [PP6M／M10KG(백)] 외 2건,562.0000000000,진행중,인쇄
20251104-3,상품,반자동밴딩기 [저상형/대만제],1.0000000000,진행중,인쇄
20251104-2,PP,PP6MM [PP6M／M10KG(백)] 외 1건,1122.0000000000,진행중,인쇄
20251104-1,PE,PE28mm 2kg [PE28M／M(백)2KG],1280.0000000000,진행중,인쇄
20251028-3,PP,PP6MM [PP6M／M10KG(백)] 외 5건,1124.0000000000,진행중,인쇄
20251028-2,PP,PP6MM [PP6M／M10KG(백)] 외 1건,561.0000000000,진행중,인쇄
20251028-1,PE,PE28mm 2kg [PE28M／M(백)2KG] 외 3건,1512.0000000000,진행중,인쇄
20251021-1,PP,PP6MM [PP6M／M10KG(백)] 외 2건,562.0000000000,진행중,인쇄
20251020-2,PP,PP6MM [PP6M／M10KG(백)] 외 2건,562.0000000000,진행중,인쇄
20251020-1,PE,PE28mm 2kg [PE28M／M(백)2KG],1280.0000000000,진행중,인쇄
20251016-4,PE,PE28mm 2kg [PE28M／M(백)2KG] 외 1건,21.0000000000,진행중,인쇄
20251016-3,PP,PP6MM [PP6M／M10KG(백)] 외 1건,561.0000000000,진행중,인쇄
20251016-2,PP,PP6MM [PP6M／M10KG(백)] 외 1건,1683.0000000000,진행중,인쇄
20251016-1,PE,PE28mm 2kg [PE28M／M(백)2KG] 외 1건,880.0000000000,진행중,인쇄
20251015-1,PE,"PE28mm, 6KG [PE28M／M(백)6KG] 외 1건",1201.0000000000,진행중,인쇄
20251014-2,PP,PP6MM [PP6M／M10KG(백)] 외 1건,561.0000000000,진행중,인쇄
20251014-1,PE,"PE28mm, 6KG [PE28M／M(백)6KG] 외 1건",1240.0000000000,진행중,인쇄
20251013-3,PE,PE28mm 2kg [PE28M／M(백)2KG] 외 2건,100.0000000000,진행중,인쇄
20251013-2,PE,PE28mm 2kg [PE28M／M(백)2KG],900.0000000000,진행중,인쇄
20251013-1,PP,PP6MM [PP6M／M10KG(백)] 외 1건,1122.0000000000,진행중,인쇄
20251001-2,PE,"PE28mm, 6KG [PE28M／M(백)6KG]",144.0000000000,진행중,인쇄
20251001-1,PP,PP6MM [PP6M／M10KG(백)] 외 1건,561.0000000000,진행중,인쇄
20250929-1,PP,PP6MM [PP6M／M10KG(백)] 외 1건,1683.0000000000,진행중,인쇄
20250926-1,PE,"PE28mm, 6KG [PE28M／M(백)6KG]",576.0000000000,진행중,인쇄
20250925-1,PP,PP12M [PP12M／M12.5KG (황)] 외 1건,126.0000000000,진행중,인쇄
20250924-1,PP,PP6MM [PP6M／M10KG(황)] 외 1건,561.0000000000,진행중,인쇄
20250923-4,상품,반자동밴딩기 [저상형/대만제],1.0000000000,진행중,인쇄
20250923-3,PE,"PE50mm, 6KG [PE50M／M(백)6KG] 외 1건",241.0000000000,진행중,인쇄
20250923-2,PE,PE28mm 2kg [PE28M／M(백)2KG] 외 1건,1520.0000000000,진행중,인쇄
20250923-1,PP,PP6MM [PP6M／M10KG(백)] 외 1건,1122.0000000000,진행중,인쇄
20250918-1,PP,PP6MM [PP6M／M10KG(백)] 외 1건,1683.0000000000,진행중,인쇄
20250912-2,PP,PP6MM [PP6M／M10KG(백)] 외 1건,1122.0000000000,진행중,인쇄
20250912-1,PE,"PE28mm, 6KG [PE28M／M(백)6KG] 외 1건",1312.0000000000,진행중,인쇄
20250910-1,PP,PP6MM [PP6M／M10KG(백)] 외 4건,723.0000000000,진행중,인쇄
20250908-1,PE,PE28mm 2kg [PE28M／M(백)2KG],1280.0000000000,진행중,인쇄
20250905-1,PE,PE28mm 2kg [PE28M／M(백)2KG] 외 1건,201.0000000000,진행중,인쇄
20250904-2,PP,PP6MM [PP6M／M10KG(백)] 외 2건,562.0000000000,진행중,인쇄
20250904-1,상품,PE28mm 2kg [PE28M／M(백)2KG],240.0000000000,진행중,인쇄
20250903-1,PP,PP6MM [PP6M／M10KG(백)] 외 2건,562.0000000000,진행중,인쇄
20250901-2,상품,PE28mm 2kg [PE28M／M(백)2KG],640.0000000000,진행중,인쇄
20250901-1,PP,PP6MM [PP6M／M10KG(백)] 외 1건,1683.0000000000,진행중,인쇄
20250828-1,PP,PP12M [PP12M／M10KG(백)] 외 1건,121.0000000000,진행중,인쇄
20250825-3,PP,PP6MM [PP6M／M10KG(백)] 외 2건,761.0000000000,진행중,인쇄
20250825-2,PE,PE28mm 2kg [PE28M／M(백)2KG] 외 1건,1312.0000000000,진행중,인쇄
20250825-1,PP,PP15M [PP15M／M10KG(백색)],100.0000000000,진행중,인쇄
20250821-1,PP,PP6MM [PP6M／M10KG(백)] 외 1건,1683.0000000000,진행중,인쇄
20250819-2,상품,PE28mm 2kg [PE28M／M(백)2KG],1280.0000000000,진행중,인쇄
20250819-1,PE,"PE28mm, 6KG [PE28M／M(백)6KG]",1200.0000000000,진행중,인쇄
20250818-1,PP,PP6MM [PP6M／M10KG(백)] 외 3건,1022.0000000000,진행중,인쇄
20250815-1,PP,PP6MM [PP6M／M10KG(백)] 외 4건,1444.0000000000,진행중,인쇄
20250811-2,상품,PE28mm 2kg [PE28M／M(백)2KG],640.0000000000,진행중,인쇄
20250811-1,PP,PP6MM [PP6M／M10KG(백)] 외 1건,1683.0000000000,진행중,인쇄
20250808-1,PE,"PE28mm, 6KG [PE28M／M(백)6KG]",432.0000000000,진행중,인쇄
20250807-1,PE,"PE28mm, 6KG [PE28M／M(백)6KG] 외 1건",1528.0000000000,진행중,인쇄
20250729-2,PE,PE28mm 2kg [PE28M／M(백)2KG],640.0000000000,진행중,인쇄
20250729-1,PP,PP6MM [PP6M／M10KG(백)] 외 1건,561.0000000000,진행중,인쇄
20250728-2,PE,PE28mm 2kg [PE28M／M(백)2KG],640.0000000000,진행중,인쇄
20250728-1,PP,PP6MM [PP6M／M10KG(백)] 외 1건,561.0000000000,진행중,인쇄
20250725-1,PP,PP6MM [PP6M／M10KG(백)] 외 2건,562.0000000000,진행중,인쇄
20250722-1,PP,PP6MM [PP6M／M10KG(백)] 외 2건,1686.0000000000,진행중,인쇄
20250721-3,PE,PE28mm 2kg [PE28M／M(백)2KG],200.0000000000,진행중,인쇄
20250721-2,PP,PP15M [PP15M／M9.5KG(적색)] 외 2건,1730.0000000000,진행중,인쇄
20250717-2,PE,"PE28mm, 6KG [PE28M／M(백)6KG] 외 2건",684.0000000000,진행중,인쇄
20250717-1,PP,PP12M [PP12M／M10KG(백)],200.0000000000,진행중,인쇄
20250715-3,PE,PE28mm 2kg [PE28M／M(백)2KG] 외 1건,880.0000000000,진행중,인쇄
20250715-2,PP,PP6MM [PP6M／M10KG(백)] 외 1건,561.0000000000,진행중,인쇄
20250715-1,PE,"PE28mm, 6KG [PE28M／M(백)6KG] 외 1건",1201.0000000000,진행중,인쇄
20250711-4,PE,PE28mm 2kg [PE28M／M(백)2KG],400.0000000000,진행중,인쇄
20250711-3,PP,PP6MM [PP6M／M10KG(백)] 외 1건,661.0000000000,진행중,인쇄
20250711-2,PE,PE28mm 2kg [PE28M／M(백)2KG] 외 2건,301.0000000000,진행중,인쇄
20250711-1,PP,PP6MM [PP6M／M10KG(백)] 외 1건,561.0000000000,진행중,인쇄
20250710-1,PE,PE28mm 2kg [PE28M／M(백)2KG] 외 1건,147.0000000000,진행중,인쇄
20250708-4,PE,"PE28mm, 6KG [PE28M／M(백)6KG] 외 4건",406.0000000000,진행중,인쇄
20250708-3,PP,PP6MM [PP6M／M10KG(백)] 외 3건,1122.0000000000,진행중,인쇄
20250708-2,PE,PE28mm 2kg [PE28M／M(백)2KG] 외 1건,105.0000000000,진행중,인쇄
20250708-1,PP,PP6MM [PP6M／M10KG(백)] 외 2건,562.0000000000,진행중,인쇄
20250704-1,PE,PE28mm 2kg [PE28M／M(백)2KG] 외 1건,189.0000000000,진행중,인쇄
20250702-2,PE,PE28mm 2kg [PE28M／M(백)2KG] 외 5건,383.0000000000,진행중,인쇄
20250702-1,PP,PP6MM [PP6M／M10KG(백)] 외 4건,1123.0000000000,진행중,인쇄
20250701-1,PE,"PE50mm, 6KG [PE50M／M(백)6KG] 외 3건",931.0000000000,진행중,인쇄
20250630-2,PP,PP6MM [PP6M／M10KG(백)] 외 2건,562.0000000000,진행중,인쇄
20250630-1,PE,PE28mm 2kg [PE28M／M(백)2KG] 외 1건,189.0000000000,진행중,인쇄
20250620-2,PE,PE28mm 2kg [PE28M／M(백)2KG],640.0000000000,진행중,인쇄
20250620-1,PP,PP6MM [PP6M／M10KG(백)] 외 1건,561.0000000000,진행중,인쇄
20250619-1,PP,스트레치필름(일반 기계랩) [20*500mm*1400m],50.0000000000,진행중,인쇄
20250618-1,PP,PP6MM [PP6M／M10KG(백)] 외 2건,562.0000000000,진행중,인쇄
20250617-1,PP,PP12M [PP12M／M10KG(백)],560.0000000000,진행중,인쇄
20250610-2,PE,PE28mm 2kg [PE28M／M(백)2KG] 외 1건,832.0000000000,진행중,인쇄
20250610-1,PP,PP6MM [PP6M／M10KG(백)] 외 1건,1122.0000000000,진행중,인쇄
20250609-2,PP,PP6MM [PP6M／M10KG(백)] 외 3건,1124.0000000000,진행중,인쇄
20250604-1,PP,PP6MM [PP6M／M10KG(백)] 외 2건,562.0000000000,진행중,인쇄
20250602-4,PE,"PE28mm, 6KG [PE28M／M(백)6KG]",480.0000000000,진행중,인쇄
20250602-3,PP,PP6MM [PP6M／M10KG(백)] 외 1건,1683.0000000000,진행중,인쇄
20250602-2,PP,PP6MM [PP6M／M10KG(백)] 외 2건,562.0000000000,진행중,인쇄
20250602-1,PE,"PE28mm, 6KG [PE28M／M(백)6KG]",1200.0000000000,진행중,인쇄
20250530-1,PE,"PE28mm, 6KG [PE28M／M(백)6KG]",192.0000000000,진행중,인쇄
20250528-1,PP,PP6MM [PP6M／M10KG(백)] 외 5건,1685.0000000000,진행중,인쇄
20250523-1,PE,"PE28mm, 6KG [PE28M／M(백)6KG] 외 1건",361.0000000000,진행중,인쇄
20250514-4,PE,"PE28mm, 6KG [PE28M／M(백)6KG]",672.0000000000,진행중,인쇄
20250514-3,상품,PE28mm 2kg [PE28M／M(백)2KG] 외 1건,2540.0000000000,진행중,인쇄
20250514-2,PP,PP6MM [PP6M／M10KG(황)] 외 3건,3556.0000000000,진행중,인쇄
20250513-1,상품,PE28mm 2kg [PE28M／M(백)2KG] 외 1건,105.0000000000,진행중,인쇄
20250512-2,PE,PE28mm 2kg [PE28M／M(백)2KG] 외 1건,378.0000000000,진행중,인쇄
20250512-1,PP,PP6MM [PP6M／M10KG(백)] 외 3건,1124.0000000000,진행중,인쇄
20250509-1,PE,PE28mm 2kg [PE28M／M(백)2KG] 외 3건,273.0000000000,진행중,인쇄
20250508-1,PE,PE28mm 2kg [PE28M／M(백)2KG] 외 3건,636.0000000000,진행중,인쇄
20250507-1,PP,PP6MM [PP6M／M10KG(백)] 외 3건,562.0000000000,진행중,인쇄
20250425-4,상품,반자동밴딩기 [저상형/대만제] 외 1건,2.0000000000,진행중,인쇄
20250425-3,PP,PP6MM [PP6M／M10KG(백)] 외 1건,2805.0000000000,진행중,인쇄
20250425-2,PE,PE28mm 2kg [PE28M／M(백)2KG] 외 1건,1312.0000000000,진행중,인쇄
20250417-3,상품,반자동밴딩기 [저상형/대만제] 외 1건,2.0000000000,진행중,인쇄
20250417-2,PE,PE28mm 2kg [PE28M／M(백)2KG],900.0000000000,진행중,인쇄
20250417-1,PP,PP6MM [PP6M／M10KG(백)] 외 1건,1683.0000000000,진행중,인쇄
20250416-4,PE,PE28mm 2kg [PE28M／M(백)2KG] 외 1건,401.0000000000,진행중,인쇄
20250416-3,PP,PP6MM [PP6M／M10KG(백)] 외 4건,1686.0000000000,진행중,인쇄
20250416-2,PP,PP6MM [PP6M／M10KG(백)] 외 1건,1602.0000000000,진행중,인쇄
20250416-1,PP,"PE28mm, 6KG [PE28M／M(백)6KG] 외 1건",1201.0000000000,진행중,인쇄
20250415-1,PP,PP6MM [PP6M／M10KG(백)] 외 2건,562.0000000000,진행중,인쇄
20250408-3,PP,PP6MM [PP6M／M10KG(백)] 외 3건,1124.0000000000,진행중,인쇄
20250408-2,PE,PE28mm 2kg [PE28M／M(백)2KG] 외 1건,1172.0000000000,진행중,인쇄
20250408-1,PP,PP6MM [PP6M／M10KG(백)] 외 1건,2805.0000000000,진행중,인쇄
20250402-1,PP,PP6MM [PP6M／M10KG(백)] 외 3건,1124.0000000000,진행중,인쇄
20250331-1,PP,PP6MM [PP6M／M10KG(백)] 외 2건,562.0000000000,진행중,인쇄
20250327-2,PE,PE28mm 2kg [PE28M／M(백)2KG] 외 1건,61.0000000000,진행중,인쇄
20250327-1,PP,PP6MM [PP6M／M10KG(백)] 외 3건,1122.0000000000,진행중,인쇄
20250319-2,PP,PP6MM [PP6M／M10KG(백)] 외 2건,1883.0000000000,진행중,인쇄
20250319-1,PE,PE28mm 2kg [PE28M／M(백)2KG] 외 1건,2816.0000000000,진행중,인쇄
20250317-1,PP,PP6MM [PP6M／M10KG(백)] 외 3건,1123.0000000000,진행중,인쇄
20250305-2,PP,PP6MM [PP6M／M10KG(백)] 외 1건,2805.0000000000,진행중,인쇄
20250305-1,PE,PE28mm 2kg [PE28M／M(백)2KG] 외 1건,2592.0000000000,진행중,인쇄
20250304-1,PP,PP6MM [PP6M／M10KG(백)] 외 2건,562.0000000000,진행중,인쇄
20250227-1,PP,PP6MM [PP6M／M10KG(백)] 외 3건,1122.0000000000,진행중,인쇄
20250224-2,PE,"PE28mm, 6KG [PE28M／M(백)6KG] 외 1건",1201.0000000000,진행중,인쇄
20250224-1,PP,PP6MM [PP6M／M10KG(백)] 외 1건,561.0000000000,진행중,인쇄
20250221-2,PE,PE28mm 2kg [PE28M／M(백)2KG] 외 1건,720.0000000000,진행중,인쇄
20250221-1,PP,PP6MM [PP6M／M10KG(백)] 외 1건,1122.0000000000,진행중,인쇄
20250220-2,PE,PE28mm 2kg [PE28M／M(백)2KG] 외 2건,1040.0000000000,진행중,인쇄
20250220-1,PP,PP6MM [PP6M／M10KG(백)] 외 2건,2215.0000000000,진행중,인쇄
20250214-1,PP,PP6MM [PP6M／M10KG(백)] 외 2건,562.0000000000,진행중,인쇄
20250213-1,PE,PE28mm 2kg [PE28M／M(백)2KG] 외 1건,1312.0000000000,진행중,인쇄
20250210-1,PE,PE28mm 2kg [PE28M／M(백)2KG] 외 3건,273.0000000000,진행중,인쇄
20250204-2,PE,PE28mm 2kg [PE28M／M(백)2KG],600.0000000000,진행중,인쇄
20250204-1,PP,PP6MM [PP6M／M10KG(백)] 외 2건,3105.0000000000,진행중,인쇄
20250203-2,PE,PE28mm 2kg [PE28M／M(백)2KG] 외 3건,411.0000000000,진행중,인쇄
20250203-1,PP,PP6MM [PP6M／M10KG(백)] 외 3건,1123.0000000000,진행중,인쇄
20250122-1,PE,"PE50mm, 6KG [PE50M／M(백)6KG] 외 1건",241.0000000000,진행중,인쇄
20250120-1,PE,"PE28mm, 6KG [PE28M／M(백)6KG] 외 1건",1201.0000000000,진행중,인쇄
20250115-2,PE,PE28mm 2kg [PE28M／M(청)2KG] 외 1건,772.0000000000,진행중,인쇄
20250115-1,PP,PP12M [PP12M／M12.5KG (황)] 외 2건,1372.0000000000,진행중,인쇄
20250113-2,PE,PE28mm 2kg [PE28M／M(백)2KG],1740.0000000000,진행중,인쇄
20250113-1,PP,PP6MM [PP6M／M10KG(백)] 외 2건,1613.0000000000,진행중,인쇄
20250109-1,상품,스트레치필름(일반 기계랩) [20*500mm*1400m] 외 1건,51.0000000000,진행중,인쇄
20250107-3,PE,PE28mm 2kg [PE28M／M(백)2KG],640.0000000000,진행중,인쇄
20250107-2,PP,PP6MM [PP6M／M10KG(백)] 외 1건,1122.0000000000,진행중,인쇄
20250106-1,PE,"PE28mm, 6KG [PE28M／M(백)6KG]",576.0000000000,진행중,인쇄
20250102-3,PP,PP6MM [PP6M／M10KG(백)] 외 5건,1124.0000000000,진행중,인쇄
20250102-2,PE,PE28mm 2kg [PE28M／M(백)2KG] 외 2건,2028.0000000000,진행중,인쇄
20250102-1,PP,PP6MM [PP6M／M10KG(백)] 외 1건,1122.0000000000,진행중,인쇄
20241231-1,PE,PE28mm 2kg [PE28M／M(백)2KG] 외 1건,21.0000000000,진행중,인쇄
20241230-2,PE,PE28mm 2kg [PE28M／M(백)2KG] 외 1건,42.0000000000,진행중,인쇄
20241230-1,PP,PP6MM [PP6M／M10KG(백)] 외 2건,562.0000000000,진행중,인쇄
20241224-1,PP,PP6MM [PP6M／M10KG(백)] 외 4건,1994.0000000000,진행중,인쇄
20241223-3,PP,PP6MM [PP6M／M10KG(백)] 외 2건,562.0000000000,진행중,인쇄
20241223-2,PP,PP6MM [PP6M／M10KG(청)],180.0000000000,진행중,인쇄
20241223-1,PE,PE28mm 2kg [PE28M／M(백)2KG],640.0000000000,진행중,인쇄
20241216-2,PP,PP6MM [PP6M／M10KG(백)] 외 1건,2805.0000000000,진행중,인쇄
20241216-1,PE,PE28mm 2kg [PE28M／M(백)2KG] 외 2건,2152.0000000000,진행중,인쇄
20241212-1,PE,"PE28mm, 6KG [PE28M／M(백)6KG] 외 3건",1602.0000000000,진행중,인쇄
20241209-2,PE,PE28mm 2kg [PE28M／M(백)2KG],640.0000000000,진행중,인쇄
20241209-1,PP,PP6MM [PP6M／M10KG(백)] 외 1건,1020.0000000000,진행중,인쇄
20241205-1,PP,PP6MM [PP6M／M10KG(백)] 외 3건,2244.0000000000,진행중,인쇄
20241202-1,PP,PP6MM [PP6M／M10KG(백)] 외 2건,562.0000000000,진행중,인쇄
20241126-1,PE,PE28mm 2kg [PE28M／M(백)2KG] 외 1건,1720.0000000000,진행중,인쇄
20241122-1,PE,"PE28mm, 6KG [PE28M／M(백)6KG] 외 1건",193.0000000000,진행중,인쇄
20241119-1,상품,자동밴딩기 [(자동고상형 / 자동-380L)] 외 1건,2.0000000000,진행중,인쇄
20241118-3,상품,스트레치필름(일반 핸드랩) [15*500mm*400m],40.0000000000,진행중,인쇄
20241118-2,PP,PP15M [PP15MM*10KG(황색)] 외 2건,473.5000000000,진행중,인쇄
20241118-1,PE,PE28mm 2kg [PE28M／M(백)2KG] 외 2건,1512.0000000000,진행중,인쇄
20241113-1,PE,PE50mm 2kg [PE50M／M(백)2KG] 외 1건,401.0000000000,진행중,인쇄
20241107-2,PP,PP6MM [PP6M／M10KG(백)] 외 1건,3366.0000000000,진행중,인쇄
20241107-1,PE,PE28mm 2kg [PE28M／M(백)2KG] 외 1건,1952.0000000000,진행중,인쇄
20241106-1,PP,PP6MM [PP6M／M10KG(백)] 외 6건,1685.0000000000,진행중,인쇄
20241105-1,PP,PP6MM [PP6M／M10KG(백)],1440.0000000000,진행중,인쇄
20241104-2,PE,PE28mm 2kg [PE28M／M(백)2KG] 외 1건,81.0000000000,진행중,인쇄
20241104-1,PP,PP6MM [PP6M／M10KG(백)] 외 4건,1123.0000000000,진행중,인쇄
20241028-3,PP,PP6MM [PP6M／M10KG(백)] 외 2건,562.0000000000,진행중,인쇄
20241028-2,PP,PP6MM [PP6M／M10KG(백)] 외 2건,562.0000000000,진행중,인쇄
20241028-1,PE,"PE28mm, 6KG [PE28M／M(백)6KG]",1200.0000000000,진행중,인쇄
20241016-2,PP,PP6MM [PP6M／M10KG(백)] 외 1건,2955.0000000000,진행중,인쇄
20241016-1,PE,PE28mm 2kg [PE28M／M(백)2KG] 외 1건,1952.0000000000,진행중,인쇄
20241008-2,PP,PP6MM [PP6M／M10KG(백)] 외 3건,2133.0000000000,진행중,인쇄
20241008-1,PE,PE28mm 2kg [PE28M／M(백)2KG] 외 2건,2152.0000000000,진행중,인쇄
20241007-2,PP,PP6MM [PP6M／M10KG(백)] 외 5건,1124.0000000000,진행중,인쇄
20241007-1,PP,PP6MM [PP6M／M10KG(백)] 외 5건,1124.0000000000,진행중,인쇄
20241002-1,PP,PP6MM [PP6M／M10KG(백)] 외 2건,562.0000000000,진행중,인쇄
20240920-1,상품,스트레치필름(일반 기계랩) [20*500mm*1400m] 외 1건,51.0000000000,진행중,인쇄
20240919-2,PE,PE28mm 2kg [PE28M／M(백)2KG] 외 1건,2592.0000000000,진행중,인쇄
20240919-1,PP,PP6MM [PP6M／M10KG(백)] 외 2건,3286.0000000000,진행중,인쇄
20240913-1,PE,"PE28mm, 6KG [PE28M／M(백)6KG] 외 1건",1201.0000000000,진행중,인쇄
20240904-1,상품,스트레치필름(일반 기계랩) [20*500mm*1400m] 외 1건,51.0000000000,진행중,인쇄
20240902-2,PP,PP6MM [PP6M／M10KG(백)] 외 2건,3898.0000000000,진행중,인쇄
20240902-1,PE,PE28mm 2kg [PE28M／M(백)2KG] 외 3건,3032.0000000000,진행중,인쇄
20240826-1,PE,PE28mm 2kg [PE28M／M(백)2KG] 외 3건,147.0000000000,진행중,인쇄
20240822-3,상품,스트레치필름(일반 핸드랩) [15*500mm*400m],40.0000000000,진행중,인쇄
20240822-2,PP,PP6MM [PP6M／M10KG(백)] 외 1건,2244.0000000000,진행중,인쇄
20240822-1,PE,PE28mm 2kg [PE28M／M(백)2KG] 외 1건,2120.0000000000,진행중,인쇄
20240820-2,PE,"PE28mm, 6KG [PE28M／M(백)6KG] 외 1건",193.0000000000,진행중,인쇄
20240820-1,PP,PP6MM [PP6M／M10KG(백)] 외 2건,562.0000000000,진행중,인쇄
20240819-2,PE,"PE28mm, 6KG [PE28M／M(백)6KG] 외 1건",193.0000000000,진행중,인쇄
20240819-1,PP,PP6MM [PP6M／M10KG(백)] 외 2건,562.0000000000,진행중,인쇄
20240812-2,상품,스트레치필름(일반 핸드랩) [15*500mm*400m] 외 1건,41.0000000000,진행중,인쇄
20240812-1,PP,PP6MM [PP6M／M10KG(황)] 외 3건,1122.0000000000,진행중,인쇄
20240807-3,상품,스트레치필름(일반 핸드랩) [15*500mm*400m],40.0000000000,진행중,인쇄
20240807-2,PP,PP6MM [PP6M／M10KG(백)] 외 2건,3055.0000000000,진행중,인쇄
20240807-1,PE,PE28mm 2kg [PE28M／M(백)2KG] 외 2건,3344.0000000000,진행중,인쇄
20240806-2,PE,PE28mm 2kg [PE28M／M(백)2KG] 외 1건,401.0000000000,진행중,인쇄
20240806-1,PP,PP6MM [PP6M／M10KG(백)] 외 2건,562.0000000000,진행중,인쇄
20240730-1,PP,PP6MM [PP6M／M10KG(백)] 외 5건,1124.0000000000,진행중,인쇄
20240723-3,PP,PP6MM [PP6M／M10KG(백)] 외 2건,2719.0000000000,진행중,인쇄
20240723-2,상품,스트레치필름(일반 핸드랩) [15*500mm*400m],40.0000000000,진행중,인쇄
20240723-1,PE,PE28mm 2kg [PE28M／M(백)2KG] 외 1건,1952.0000000000,진행중,인쇄
20240722-4,PE,"PE28mm, 6KG [PE28M／M(백)6KG] 외 1건",193.0000000000,진행중,인쇄
20240719-3,PP,PP6MM [PP6M／M10KG(백)] 외 2건,562.0000000000,진행중,인쇄
20240719-2,PP,PP6MM [PP6M／M10KG(백)] 외 2건,562.0000000000,진행중,인쇄
20240719-1,PE,"PE28mm, 6KG [PE28M／M(백)6KG] 외 2건",1777.0000000000,진행중,인쇄
20240712-1,PE,"PE50mm, 6KG [PE50M／M(백)6KG] 외 1건",241.0000000000,진행중,인쇄
20240711-2,PE,PE28mm 2kg [PE28M／M(백)2KG],640.0000000000,진행중,인쇄
20240711-1,PP,PP6MM [PP6M／M10KG(백)] 외 1건,2805.0000000000,진행중,인쇄
20240709-3,PE,PE28mm 2kg [PE28M／M(백)2KG] 외 1건,1312.0000000000,진행중,인쇄
20240709-2,PE,"PE28mm, 6KG [PE28M／M(백)6KG] 외 3건",490.0000000000,진행중,인쇄
20240709-1,PP,PP6MM [PP6M／M10KG(백)] 외 2건,562.0000000000,진행중,인쇄
20240626-3,PP,PP6MM [PP6M／M10KG(백)] 외 2건,562.0000000000,진행중,인쇄
20240626-2,PE,PE28mm 2kg [PE28M／M(백)2KG],1280.0000000000,진행중,인쇄
20240626-1,PP,PP6MM [PP6M／M10KG(백)] 외 1건,2244.0000000000,진행중,인쇄
20240624-2,PE,PE28mm 2kg [PE28M／M(백)2KG],480.0000000000,진행중,인쇄
20240624-1,PP,PP6MM [PP6M／M10KG(백)] 외 1건,1683.0000000000,진행중,인쇄
20240614-1,PE,"PE28mm, 6KG [PE28M／M(백)6KG] 외 1건",1201.0000000000,진행중,인쇄
20240613-1,PP,PP6MM [PP6M／M10KG(백)] 외 2건,562.0000000000,진행중,인쇄
20240611-1,PE,PE28mm 2kg [PE28M／M(백)2KG] 외 1건,1312.0000000000,진행중,인쇄
20240607-3,PE,PE28mm 2kg [PE28M／M(백)2KG],1280.0000000000,진행중,인쇄
20240607-2,PP,PP6MM [PP6M／M10KG(백)] 외 1건,3366.0000000000,진행중,인쇄
20240607-1,PP,PP6MM [PP6M／M10KG(백)] 외 2건,562.0000000000,진행중,인쇄
20240530-2,PE,PE28mm 2kg [PE28M／M(백)2KG] 외 1건,1984.0000000000,진행중,인쇄
20240530-1,PP,PP6MM [PP6M／M10KG(백)] 외 1건,2244.0000000000,진행중,인쇄
20240529-1,PP,PP6MM [PP6M／M10KG(백)] 외 2건,562.0000000000,진행중,인쇄
20240527-1,PP,PP6MM [PP6M／M10KG(백)] 외 2건,562.0000000000,진행중,인쇄
20240524-1,PP,PP6MM [PP6M／M10KG(백)] 외 1건,1683.0000000000,진행중,인쇄
20240520-2,PP,PP6MM [PP6M／M10KG(백)] 외 1건,1122.0000000000,진행중,인쇄
20240520-1,PE,PE28mm 2kg [PE28M／M(백)2KG] 외 3건,2892.0000000000,진행중,인쇄
20240513-1,PP,PP6MM [PP6M／M10KG(백)] 외 2건,1123.0000000000,진행중,인쇄
20240502-2,PE,PE28mm 2kg [PE28M／M(백)2KG] 외 1건,1984.0000000000,진행중,인쇄
20240502-1,PP,PP6MM [PP6M／M10KG(백)] 외 1건,2805.0000000000,진행중,인쇄
20240430-1,PP,PP6MM [PP6M／M10KG(청)] 외 2건,1121.0000000000,진행중,인쇄
20240425-3,PP,PP6MM [PP6M／M10KG(백)] 외 2건,562.0000000000,진행중,인쇄
20240425-2,PE,PE28mm 2kg [PE28M／M(백)2KG],1280.0000000000,진행중,인쇄
20240425-1,PP,PP6MM [PP6M／M10KG(백)] 외 1건,2244.0000000000,진행중,인쇄
20240424-1,PE,"PE28mm, 6KG [PE28M／M(백)6KG] 외 1건",1201.0000000000,진행중,인쇄
20240418-1,PP,PP6MM [PP6M／M10KG(백)] 외 2건,562.0000000000,진행중,인쇄
20240416-1,상품,스트레치필름(일반 핸드랩) [15*500mm*400m] 외 1건,97.0000000000,진행중,인쇄
20240409-6,PP,PP6MM [PP6M／M10KG(백)],-30.0000000000,진행중,인쇄
20240409-5,PE,"PE28mm, 6KG [PE28M／M(백)6KG]",-48.0000000000,진행중,인쇄
20240409-4,PE,PE17mm 2kg [PE17M／M(백) 2KG] 외 3건,346.0000000000,진행중,인쇄
20240409-3,상품,스트레치필름(일반 핸드랩) [15*500mm*400m],64.0000000000,진행중,인쇄
20240409-2,PP,PP6MM [PP6M／M10KG(백)] 외 3건,2794.0000000000,진행중,인쇄
20240409-1,PE,PE28mm 2kg [PE28M／M(백)2KG],1920.0000000000,진행중,인쇄
20240402-2,PP,PP6MM [PP6M／M10KG(백)] 외 2건,3566.0000000000,진행중,인쇄
20240402-1,PE,PE28mm 2kg [PE28M／M(백)2KG] 외 2건,2152.0000000000,진행중,인쇄
20240329-1,PP,PP6MM [PP6M／M10KG(백)] 외 2건,562.0000000000,진행중,인쇄
20240328-1,PE,PE28mm 2kg [PE28M／M(백)2KG] 외 1건,1312.0000000000,진행중,인쇄
20240321-3,PE,PE28mm 2kg [PE28M／M(백)2KG] 외 1건,401.0000000000,진행중,인쇄
20240321-2,PP,PP6MM [PP6M／M10KG(백)] 외 1건,561.0000000000,진행중,인쇄
20240321-1,PP,PP6MM [PP6M／M10KG(백)] 외 2건,562.0000000000,진행중,인쇄
20240315-1,PE,PE28mm 2kg [PE28M／M(백)2KG] 외 1건,1952.0000000000,진행중,인쇄
20240313-1,PE,"PE28mm, 6KG [PE28M／M(백)6KG] 외 1건",289.0000000000,진행중,인쇄
20240305-1,상품,스트레치필름(일반 핸드랩) [15*500mm*400m] 외 1건,41.0000000000,진행중,인쇄
20240304-2,PP,PP6MM [PP6M／M10KG(백)] 외 3건,1123.0000000000,진행중,인쇄
20240304-1,PP,PP6MM [PP6M／M10KG(백)] 외 1건,2805.0000000000,진행중,인쇄
20240228-2,PP,PP6MM [PP6M／M10KG(백)] 외 1건,561.0000000000,진행중,인쇄
20240228-1,PE,PE28mm 2kg [PE28M／M(백)2KG] 외 1건,2160.0000000000,진행중,인쇄
20240227-1,PE,PE28mm 2kg [PE28M／M(백)2KG] 외 3건,168.0000000000,진행중,인쇄
20240226-2,PP,PP6MM [PP6M／M10KG(백)] 외 2건,562.0000000000,진행중,인쇄
20240226-1,PP,PP6MM [PP6M／M10KG(백)] 외 2건,562.0000000000,진행중,인쇄
20240223-1,PP,PP6MM [PP6M／M10KG(백)] 외 2건,562.0000000000,진행중,인쇄
20240219-3,PP,PP6MM [PP6M／M10KG(황)] 외 1건,561.0000000000,진행중,인쇄
20240219-2,PP,PP6MM [PP6M／M10KG(백)] 외 1건,2244.0000000000,진행중,인쇄
20240219-1,PE,PE28mm 2kg [PE28M／M(백)2KG] 외 1건,2592.0000000000,진행중,인쇄
20240216-1,PP,PP6MM [PP6M／M10KG(백)] 외 2건,562.0000000000,진행중,인쇄
20240214-1,상품,스트레치필름(일반 기계랩) [20*500mm*1400m] 외 1건,51.0000000000,진행중,인쇄
20240201-1,PP,PP12M [PP12M／M10KG(황)] 외 1건,1140.0000000000,진행중,인쇄
20240131-4,PP,PP6MM [PP6M／M10KG(백)] 외 1건,3366.0000000000,진행중,인쇄
20240131-3,PE,PE28mm 2kg [PE28M／M(백)2KG] 외 3건,2352.0000000000,진행중,인쇄
20240131-2,PP,PP6MM [PP6M／M10KG(백)] 외 2건,562.0000000000,진행중,인쇄
20240131-1,PP,PP6MM [PP6M／M10KG(백)] 외 2건,562.0000000000,진행중,인쇄
20240126-3,PP,PP6MM [PP6M／M10KG(백)] 외 1건,1683.0000000000,진행중,인쇄
20240122-1,PE,"PE28mm, 6KG [PE28M／M(백)6KG]",2400.0000000000,진행중,인쇄
20240119-1,PP,PP6MM [PP6M／M10KG(백)] 외 2건,562.0000000000,진행중,인쇄
20240118-1,PP,PP6MM [PP6M／M10KG(백)] 외 2건,562.0000000000,진행중,인쇄
20240116-2,PP,PP6MM [PP6M／M10KG(백)] 외 1건,2244.0000000000,진행중,인쇄
20240116-1,PE,PE28mm 2kg [PE28M／M(백)2KG] 외 1건,3264.0000000000,진행중,인쇄
20240115-3,PP,PE28mm 2kg [PE28M／M(백)2KG] 외 1건,63.0000000000,진행중,인쇄
20240115-2,PE,PE28mm 2kg [PE28M／M(백)2KG] 외 1건,42.0000000000,진행중,인쇄
20240115-1,PP,PP6MM [PP6M／M10KG(백)] 외 2건,562.0000000000,진행중,인쇄
20240111-1,PE,PE28mm 2kg [PE28M／M(백)2KG] 외 1건,210.0000000000,진행중,인쇄
20240109-1,PE,"PE28mm, 6KG [PE28M／M(백)6KG] 외 1건",577.0000000000,진행중,인쇄
20231229-1,PP,PP6MM [PP6M／M10KG(황)],500.0000000000,진행중,인쇄
20231228-1,상품,스트레치필름(일반 핸드랩) [15*500mm*400m],80.0000000000,진행중,인쇄
20231227-4,PP,PP6MM [PP6M／M10KG(백)],-10.0000000000,진행중,인쇄
20231227-3,PE,"PE28mm, 6KG [PE28M／M(백)6KG] 외 1건",-64.0000000000,진행중,인쇄
20231227-2,PP,PP6MM [PP6M／M10KG(백)] 외 1건,2805.0000000000,진행중,인쇄
20231227-1,PE,PE28mm 2kg [PE28M／M(백)2KG] 외 1건,2592.0000000000,진행중,인쇄
20231226-1,PP,PP6MM [PP6M／M10KG(백)] 외 2건,562.0000000000,진행중,인쇄
20231220-1,상품,스트레치필름(일반 핸드랩) [15*500mm*400m],40.0000000000,진행중,인쇄
20231214-3,PP,PP6MM [PP6M／M10KG(백)] 외 2건,562.0000000000,진행중,인쇄
20231214-2,PP,PP6MM [PP6M／M10KG(백)] 외 1건,3366.0000000000,진행중,인쇄
20231214-1,PE,PE28mm 2kg [PE28M／M(백)2KG] 외 1건,2624.0000000000,진행중,인쇄
20231208-1,PP,PP6MM [PP6M／M10KG(백)] 외 2건,562.0000000000,진행중,인쇄
20231129-1,PP,PP6MM [PP6M／M10KG(백)] 외 1건,2244.0000000000,진행중,인쇄
20231128-4,PP,PP6MM [PP6M／M10KG(백)] 외 2건,562.0000000000,진행중,인쇄
20231128-3,PE,"PE28mm, 6KG [PE28M／M(백)6KG] 외 1건",-64.0000000000,진행중,인쇄
20231128-2,PP,PP6MM [PP6M／M10KG(황)] 외 1건,-130.0000000000,진행중,인쇄
20231127-1,PP,PP6MM [PP6M／M10KG(백)] 외 2건,562.0000000000,진행중,인쇄
20231124-2,PP,PP6MM [PP6M／M10KG(백)] 외 4건,721.0000000000,진행중,인쇄
20231124-1,PE,PE28mm 2kg [PE28M／M(백)2KG] 외 1건,2592.0000000000,진행중,인쇄
20231122-1,PP,PP6MM [PP6M／M10KG(백)] 외 2건,562.0000000000,진행중,인쇄
20231116-1,PE,PE28mm 2kg [PE28M／M(백)2KG],640.0000000000,진행중,인쇄
20231115-1,상품,스트레치필름(일반 핸드랩) [15*500mm*400m] 외 1건,49.0000000000,진행중,인쇄
20231109-2,PP,PP6MM [PP6M／M10KG(백)] 외 2건,2724.0000000000,진행중,인쇄
20231109-1,PE,PE28mm 2kg [PE28M／M(백)2KG] 외 1건,2592.0000000000,진행중,인쇄
20231107-1,PP,PP6MM [PP6M／M10KG(백)] 외 2건,562.0000000000,진행중,인쇄
20231106-1,상품,스트레치필름(일반 핸드랩) [15*500mm*400m] 외 1건,49.0000000000,진행중,인쇄
20231103-1,PP,PP6MM [PP6M／M10KG(백)] 외 2건,562.0000000000,진행중,인쇄
20231101-3,PP,PP6MM [PP6M／M10KG(백)] 외 2건,562.0000000000,진행중,인쇄
20231101-2,PP,PP6MM [PP6M／M10KG(백)],2240.0000000000,진행중,인쇄
20231101-1,PE,PE28mm 2kg [PE28M／M(백)2KG] 외 4건,3524.0000000000,진행중,인쇄
20231031-1,PP,PP6MM [PP6M／M10KG(백)] 외 2건,562.0000000000,진행중,인쇄
20231027-1,PE,"PE28mm, 6KG [PE28M／M(백)6KG]",576.0000000000,진행중,인쇄
20231025-1,PE,"PE28mm, 6KG [PE28M／M(백)6KG]",1200.0000000000,진행중,인쇄
20231023-1,PP,PP6MM [PP6M／M10KG(백)] 외 2건,562.0000000000,진행중,인쇄
20231019-2,PP,PP6MM [PP6M／M10KG(백)] 외 3건,2372.0000000000,진행중,인쇄
20231019-1,PE,PE28mm 2kg [PE28M／M(백)2KG] 외 1건,840.0000000000,진행중,인쇄
20231017-1,PE,PE28mm 2kg [PE28M／M(백)2KG] 외 1건,1952.0000000000,진행중,인쇄
20231012-1,PE,"PE28mm, 6KG [PE28M／M(백)6KG]",1200.0000000000,진행중,인쇄
20231011-1,PE,PE28mm 2kg [PE28M／M(백)2KG] 외 1건,704.0000000000,진행중,인쇄
20231005-4,PE,PE28mm 2kg [PE28M／M(백)2KG],640.0000000000,진행중,인쇄
20231005-3,상품,스트레치필름(일반 핸드랩) [15*500mm*400m],32.0000000000,진행중,인쇄
20231005-2,PP,PP6MM [PP6M／M10KG(백)] 외 2건,2719.0000000000,진행중,인쇄
20231005-1,PE,PE28mm 2kg [PE28M／M(백)2KG] 외 1건,2592.0000000000,진행중,인쇄
20230921-1,상품,반자동밴딩기 [저상형/대만제],1.0000000000,진행중,인쇄
20230920-1,PP,PP6MM [PP6M／M10KG(백)] 외 2건,562.0000000000,진행중,인쇄
20230918-2,PE,"PE28mm, 6KG [PE28M／M(백)6KG]",-72.0000000000,진행중,인쇄
20230918-1,PP,PP6MM [PP6M／M10KG(백)] 외 2건,562.0000000000,진행중,인쇄
20230914-2,PP,PP6MM [PP6M／M10KG(백)] 외 2건,2494.0000000000,진행중,인쇄
20230914-1,PE,PE28mm 2kg [PE28M／M(백)2KG],1920.0000000000,진행중,인쇄
20230904-1,PP,PP6MM [PP6M／M10KG(황)] 외 1건,561.0000000000,진행중,인쇄
20230901-4,PP,PP6MM [PP6M／M10KG(백)] 외 1건,2244.0000000000,진행중,인쇄
20230901-3,PE,PE28mm 2kg [PE28M／M(백)2KG] 외 3건,3104.0000000000,진행중,인쇄
20230830-1,PP,PP6MM [PP6M／M10KG(백)] 외 2건,562.0000000000,진행중,인쇄
20230825-1,PE,"PE28mm, 6KG [PE28M／M(백)6KG] 외 1건",721.0000000000,진행중,인쇄
20230821-1,PE,"PE28mm, 6KG [PE28M／M(백)6KG] 외 1건",241.0000000000,진행중,인쇄
20230817-2,PP,PP6MM [PP6M／M10KG(백)] 외 1건,2244.0000000000,진행중,인쇄
20230817-1,PE,PE28mm 2kg [PE28M／M(백)2KG] 외 2건,2592.0000000000,진행중,인쇄
20230816-1,PE,PE28mm 2kg [PE28M／M(백)2KG],640.0000000000,진행중,인쇄
20230801-2,PE,PE28mm 2kg [PE28M／M(백)2KG],1920.0000000000,진행중,인쇄
20230801-1,PP,PP6MM [PP6M／M10KG(백)] 외 2건,2158.0000000000,진행중,인쇄
20230727-1,PP,PP12M [PP12M／M10KG(백)],1000.0000000000,진행중,인쇄
20230725-1,PP,PP6MM [PP6M／M10KG(백)] 외 2건,562.0000000000,진행중,인쇄
20230721-1,PP,PP6MM [PP6M／M10KG(백)] 외 2건,562.0000000000,진행중,인쇄
20230719-5,PE,PE28mm 2kg [PE28M／M(백)2KG] 외 1건,-80.0000000000,진행중,인쇄
20230719-4,PP,PP6MM [PP6M／M10KG(백)],-110.0000000000,진행중,인쇄
20230719-3,PE,"PE28mm, 6KG [PE28M／M(백)6KG] 외 1건",241.0000000000,진행중,인쇄
20230719-2,PP,PP6MM [PP6M／M10KG(백)] 외 2건,562.0000000000,진행중,인쇄
20230718-2,PE,PE28mm 2kg [PE28M／M(백)2KG],1280.0000000000,진행중,인쇄
20230717-2,PP,PP6MM [PP6M／M10KG(백)] 외 1건,1122.0000000000,진행중,인쇄
20230717-1,PE,PE28mm 2kg [PE28M／M(백)2KG] 외 1건,1952.0000000000,진행중,인쇄
20230714-3,PP,PP6MM [PP6M／M10KG(백)] 외 2건,562.0000000000,진행중,인쇄
20230714-2,PP,PP6MM [PP6M／M10KG(백)] 외 2건,1242.0000000000,진행중,인쇄
20230714-1,PE,PE28mm 2kg [PE28M／M(백)2KG] 외 1건,1312.0000000000,진행중,인쇄
20230713-3,PP,PP6MM [PP6M／M10KG(백)] 외 2건,562.0000000000,진행중,인쇄
20230704-1,PP,PP6MM [PP6M／M10KG(백)] 외 2건,3840.0000000000,진행중,인쇄
20230630-2,PP,PP6MM [PP6M／M10KG(백)] 외 2건,2619.0000000000,진행중,인쇄
20230630-1,PE,PE28mm 2kg [PE28M／M(백)2KG] 외 1건,2592.0000000000,진행중,인쇄
20230628-1,PE,"PE28mm, 6KG [PE28M／M(백)6KG] 외 1건",241.0000000000,진행중,인쇄
20230619-2,PP,PP6MM [PP6M／M10KG(백)] 외 3건,2469.0000000000,진행중,인쇄
20230619-1,PE,PE28mm 2kg [PE28M／M(백)2KG] 외 2건,2432.0000000000,진행중,인쇄
20230614-1,PP,PP6MM [PP6M／M10KG(백)] 외 2건,562.0000000000,진행중,인쇄
20230612-3,상품,스트레치필름(일반 기계랩) [20*500mm*1400m] 외 1건,51.0000000000,진행중,인쇄
20230612-2,PP,PP6MM [PP6M／M10KG(백)] 외 2건,562.0000000000,진행중,인쇄
20230612-1,PP,PP6MM [PP6M／M10KG(백)] 외 2건,562.0000000000,진행중,인쇄
20230608-2,PP,PP6MM [PP6M／M10KG(백)] 외 1건,1122.0000000000,진행중,인쇄
20230608-1,상품,스트레치필름(일반 핸드랩) [15*500mm*400m],32.0000000000,진행중,인쇄
20230607-1,PE,PE28mm 2kg [PE28M／M(백)2KG],1280.0000000000,진행중,인쇄
20230605-2,PP,PP6MM [PP6M／M10KG(백)] 외 1건,2244.0000000000,진행중,인쇄
20230605-1,PE,PE28mm 2kg [PE28M／M(백)2KG] 외 1건,2592.0000000000,진행중,인쇄
20230602-2,PE,PE28mm 2kg [PE28M／M(백)2KG] 외 3건,367.0000000000,진행중,인쇄
20230602-1,PP,PP6MM [PP6M／M10KG(백)],2560.0000000000,진행중,인쇄
20230531-1,PP,PP6MM [PP6M／M10KG(백)] 외 2건,562.0000000000,진행중,인쇄
20230526-1,PP,PP6MM [PP6M／M10KG(백)] 외 2건,562.0000000000,진행중,인쇄
20230522-2,PP,PP6MM [PP6M／M10KG(백)] 외 1건,2244.0000000000,진행중,인쇄
20230522-1,PE,PE28mm 2kg [PE28M／M(백)2KG] 외 1건,1952.0000000000,진행중,인쇄
20230515-3,PP,PP6MM [PP6M／M10KG(백)] 외 2건,562.0000000000,진행중,인쇄
20230515-2,PP,PP12M [PP12M／M12.5KG (황)] 외 4건,2443.0000000000,진행중,인쇄
20230515-1,PE,PE28mm 2kg [PE28M／M(백)2KG] 외 2건,1512.0000000000,진행중,인쇄
20230512-1,PP,PP6MM [PP6M／M10KG(백)] 외 2건,562.0000000000,진행중,인쇄
20230509-2,PP,PP6MM [PP6M／M10KG(백)] 외 2건,1184.5000000000,진행중,인쇄
20230509-1,PE,PE28mm 2kg [PE28M／M(백)2KG],1280.0000000000,진행중,인쇄
20230508-1,PP,PP6MM [PP6M／M10KG(백)] 외 2건,562.0000000000,진행중,인쇄
20230504-1,PE,PE28mm 2kg [PE28M／M(백)2KG] 외 1건,401.0000000000,진행중,인쇄
20230503-2,PE,PE28mm 2kg [PE28M／M(백)2KG] 외 1건,1216.0000000000,진행중,인쇄
20230503-1,PP,PP6MM [PP6M／M10KG(백)],1120.0000000000,진행중,인쇄
20230501-1,PP,PP6MM [PP6M／M10KG(백)],2610.0000000000,진행중,인쇄
20230425-3,PE,PE28mm 2kg [PE28M／M(백)2KG] 외 1건,2032.0000000000,진행중,인쇄
20230425-2,PP,PP6MM [PP6M／M10KG(백)] 외 2건,1708.0000000000,진행중,인쇄
20230418-2,PE,"PE28mm, 6KG [PE28M／M(백)6KG] 외 1건",1201.0000000000,진행중,인쇄
20230418-1,PP,수지대 [경인팩 400*200],1.0000000000,진행중,인쇄
20230414-1,PE,"PE28mm, 6KG [PE28M／M(백)6KG] 외 1건",193.0000000000,진행중,인쇄
20230413-3,PP,PP6MM [PP6M／M10KG(백)],1920.0000000000,진행중,인쇄
20230413-2,PE,PE28mm 2kg [PE28M／M(백)2KG],840.0000000000,진행중,인쇄
20230413-1,PE,"PE28mm, 6KG [PE28M／M(백)6KG] 외 1건",1328.0000000000,진행중,인쇄
20230411-2,PP,PP6MM [PP6M／M10KG(백)] 외 3건,2245.0000000000,진행중,인쇄
20230411-1,PE,PE28mm 2kg [PE28M／M(백)2KG],1920.0000000000,진행중,인쇄
20230410-1,PE,"PE28mm, 6KG [PE28M／M(백)6KG] 외 1건",1201.0000000000,진행중,인쇄
20230407-1,PE,PE28mm 2kg [PE28M／M(백)2KG] 외 1건,168.0000000000,진행중,인쇄
20230327-2,PP,PP6MM [PP6M／M10KG(백)] 외 1건,2805.0000000000,진행중,인쇄
20230327-1,PE,PE28mm 2kg [PE28M／M(백)2KG] 외 1건,1952.0000000000,진행중,인쇄
20230323-1,PE,PE28mm 2kg [PE28M／M(백)2KG] 외 3건,126.0000000000,진행중,인쇄
20230321-1,PE,"PE28mm, 6KG [PE28M／M(백)6KG]",576.0000000000,진행중,인쇄
20230316-2,PE,PE28mm 2kg [PE28M／M(백)2KG] 외 3건,2232.0000000000,진행중,인쇄
20230316-1,PP,PP6MM [PP6M／M10KG(백)],590.0000000000,진행중,인쇄
20230315-2,PP,PP6MM [PP6M／M10KG(백)],500.0000000000,진행중,인쇄
20230315-1,PP,PP6MM [PP6M／M10KG(백)] 외 1건,2244.0000000000,진행중,인쇄
20230314-1,PE,"PE28mm, 6KG [PE28M／M(백)6KG] 외 1건",241.0000000000,진행중,인쇄
20230313-1,PP,PP6MM [PP6M／M10KG(백)] 외 1건,1683.0000000000,진행중,인쇄
20230308-2,PP,PP6MM [PP6M／M10KG(백)] 외 1건,962.0000000000,진행중,인쇄
20230308-1,PE,PE28mm 2kg [PE28M／M(백)2KG] 외 2건,3072.0000000000,진행중,인쇄
20230306-1,PP,PP6MM [PP6M／M10KG(백)] 외 3건,1123.0000000000,진행중,인쇄
20230302-4,PE,PE28mm 2kg [PE28M／M(백)2KG] 외 1건,201.0000000000,진행중,인쇄
20230302-3,PE,PE28mm 2kg [PE28M／M(백)2KG] 외 1건,21.0000000000,진행중,인쇄
20230302-2,PP,PP6MM [PP6M／M10KG(백)] 외 1건,561.0000000000,진행중,인쇄
20230302-1,PP,PP6MM [PP6M／M10KG(백)] 외 1건,561.0000000000,진행중,인쇄
20230221-2,PE,"PE28mm, 6KG [PE28M／M(백)6KG] 외 1건",193.0000000000,진행중,인쇄
20230220-3,PP,PP6MM [PP6M／M10KG(백)],-370.0000000000,진행중,인쇄
20230220-2,PP,PP6MM [PP6M／M10KG(황)] 외 1건,2560.0000000000,진행중,인쇄
20230220-1,PE,PE28mm 2kg [PE28M／M(백)2KG] 외 1건,3264.0000000000,진행중,인쇄
20230213-1,PE,PE50mm 2kg [PE50M／M(백)2KG] 외 1건,241.0000000000,진행중,인쇄
20230208-2,PP,PP6MM [PP6M／M10KG(백)],2560.0000000000,진행중,인쇄
20230208-1,PE,PE28mm 2kg [PE28M／M(백)2KG] 외 1건,1328.0000000000,진행중,인쇄
20230203-2,PE,PE28mm 2kg [PE28M／M(백)2KG] 외 5건,3904.0000000000,진행중,인쇄
20230203-1,PP,PP6MM [PP6M／M10KG(백)] 외 2건,2084.0000000000,진행중,인쇄
20230201-2,PE,PE28mm 2kg [PE28M／M(청)2KG],40.0000000000,진행중,인쇄
20230201-1,PP,PP6MM [PP6M／M10KG(황)],300.0000000000,진행중,인쇄
20230131-1,PE,"PE28mm, 6KG [PE28M／M(백)6KG] 외 2건",257.0000000000,진행중,인쇄
20230118-3,PE,"PE28mm, 6KG [PE28M／M(백)6KG] 외 1건",241.0000000000,진행중,인쇄
20230118-2,PE,PE28mm 2kg [PE28M／M(백)2KG],1680.0000000000,진행중,인쇄
20230118-1,PP,PP6MM [PP6M／M10KG(백)],1280.0000000000,진행중,인쇄
20230117-1,PE,PE28mm 2kg [PE28M／M(백)2KG] 외 1건,21.0000000000,진행중,인쇄
20230116-2,PE,PE28mm 2kg [PE28M／M(백)2KG],1280.0000000000,진행중,인쇄
20230116-1,PP,PP6MM [PP6M／M10KG(백)] 외 1건,2244.0000000000,진행중,인쇄
20230113-3,PE,"PE28mm, 6KG [PE28M／M(백)6KG]",576.0000000000,진행중,인쇄
20230111-1,PP,PP6MM [PP6M／M10KG(백)] 외 2건,562.0000000000,진행중,인쇄
20230109-2,PE,PE28mm 2kg [PE28M／M(백)2KG],1280.0000000000,진행중,인쇄
20230109-1,PP,PP6MM [PP6M／M10KG(백)] 외 1건,2244.0000000000,진행중,인쇄
20230106-1,PP,PP6MM [PP6M／M10KG(백)] 외 2건,562.0000000000,진행중,인쇄
20230103-1,PP,PP6MM [PP6M／M10KG(백)] 외 2건,562.0000000000,진행중,인쇄
20230102-2,PE,PE28mm 2kg [PE28M／M(백)2KG],720.0000000000,진행중,인쇄
20230102-1,PP,PP6MM [PP6M／M10KG(백)] 외 1건,1920.0000000000,진행중,인쇄
20221229-2,PP,PP6MM [PP6M／M10KG(백)] 외 2건,562.0000000000,진행중,인쇄
20221228-1,PE,PE28mm 2kg [PE28M／M(백)2KG],1280.0000000000,진행중,인쇄
20221221-2,PE,PE28mm 2kg [PE28M／M(백)2KG] 외 1건,2280.0000000000,진행중,인쇄
20221221-1,PP,PP6MM [PP6M／M10KG(백)] 외 1건,2244.0000000000,진행중,인쇄
20221220-1,PP,PP6MM [PP6M／M10KG(백)] 외 2건,562.0000000000,진행중,인쇄
20221216-2,PE,"PE28mm, 6KG [PE28M／M(백)6KG]",576.0000000000,진행중,인쇄
20221216-1,PP,PP6MM [PP6M／M10KG(백)] 외 1건,3366.0000000000,진행중,인쇄
20221213-1,PP,PP6MM [PP6M／M10KG(백)] 외 1건,501.0000000000,진행중,인쇄
20221212-2,PE,PE17mm 2kg [PE17M／M(백) 2KG] 외 1건,105.0000000000,진행중,인쇄
20221212-1,PP,PP6MM [PP6M／M10KG(백)] 외 2건,1684.0000000000,진행중,인쇄
20221205-2,PP,PP6MM [PP6M／M10KG(백)] 외 2건,2194.0000000000,진행중,인쇄
20221205-1,PE,PE28mm 2kg [PE28M／M(백)2KG] 외 1건,1800.0000000000,진행중,인쇄
20221202-1,PP,PP6MM [PP6M／M10KG(백)] 외 2건,562.0000000000,진행중,인쇄
20221201-4,PP,PP6MM [PP6M／M10KG(백)] 외 2건,562.0000000000,진행중,인쇄
20221201-3,PP,PP6MM [PP6M／M10KG(백)] 외 1건,1923.0000000000,진행중,인쇄
20221201-1,PE,PE28mm 2kg [PE28M／M(백)2KG],840.0000000000,진행중,인쇄
20221129-2,PE,PE28mm 2kg [PE28M／M(황)2KG],20.0000000000,진행중,인쇄
20221129-1,PP,PP6MM [PP6M／M10KG(백)] 외 2건,542.0000000000,진행중,인쇄
20221124-4,PP,PP6MM [PP6M／M10KG(백)] 외 2건,562.0000000000,진행중,인쇄
20221121-2,PP,PP6MM [PP6M／M10KG(백)] 외 2건,2719.0000000000,진행중,인쇄
20221121-1,PE,PE28mm 2kg [PE28M／M(백)2KG] 외 1건,3264.0000000000,진행중,인쇄
20221118-1,PE,PE28mm 2kg [PE28M／M(백)2KG] 외 1건,42.0000000000,진행중,인쇄
20221116-1,PE,PE28mm 2kg [PE28M／M(백)2KG] 외 1건,241.0000000000,진행중,인쇄
20221114-1,PP,PE28mm 2kg [PE28M／M(백)2KG],1280.0000000000,진행중,인쇄
20221109-2,PE,"PE28mm, 6KG [PE28M／M(백)6KG] 외 1건",1952.0000000000,진행중,인쇄
20221109-1,PE,PE28mm 2kg [PE28M／M(백)2KG],1280.0000000000,진행중,인쇄
20221103-1,PE,PE28mm 2kg [PE28M／M(백)2KG] 외 1건,1952.0000000000,진행중,인쇄
20221102-2,PP,PE28mm 2kg [PE28M／M(백)2KG],2520.0000000000,진행중,인쇄
20221102-1,PP,PP6MM [PP6M／M10KG(백)],640.0000000000,진행중,인쇄
20221101-1,PE,"PE28mm, 6KG [PE28M／M(백)6KG]",576.0000000000,진행중,인쇄
20221026-2,PP,PP12M [PP12M／M10KG(백)] 외 2건,3005.0000000000,진행중,인쇄
20221026-1,PE,PE28mm 2kg [PE28M／M(백)2KG] 외 1건,2952.0000000000,진행중,인쇄
20221020-1,PP,PP12M [PP12M／M10KG(황)] 외 1건,561.0000000000,진행중,인쇄
20221017-1,PP,PP6MM [PP6M／M10KG(백)] 외 1건,2805.0000000000,진행중,인쇄
20221014-1,PP,PP6MM [PP6M／M10KG(백)] 외 2건,562.0000000000,진행중,인쇄
20221012-2,PP,PP6MM [PP6M／M10KG(황)] 외 2건,2460.0000000000,진행중,인쇄
20221011-4,PP,PP6MM [PP6M／M10KG(백)] 외 1건,1683.0000000000,진행중,인쇄
20221011-3,PE,PE28mm 2kg [PE28M／M(적)2KG] 외 1건,1400.0000000000,진행중,인쇄
20221007-3,PP,PP6MM [PP6M／M10KG(백)] 외 2건,562.0000000000,진행중,인쇄
20220929-4,PE,PE28mm 2kg [PE28M／M(백)2KG] 외 1건,61.0000000000,진행중,인쇄
20220929-3,PP,PP6MM [PP6M／M10KG(황)],530.0000000000,진행중,인쇄
20220929-2,PP,PP6MM [PP6M／M10KG(백)],1120.0000000000,진행중,인쇄
20220929-1,PE,PE28mm 2kg [PE28M／M(백)2KG] 외 2건,2824.0000000000,진행중,인쇄
20220928-1,PE,PE28mm 2kg [PE28M／M(백)2KG],1280.0000000000,진행중,인쇄
20220915-2,PP,PP6MM [PP6M／M10KG(백)] 외 3건,3615.0000000000,진행중,인쇄
20220915-1,PE,PE28mm 2kg [PE28M／M(백)2KG] 외 1건,3264.0000000000,진행중,인쇄
20220905-2,PP,PP6MM [PP6M／M10KG(황)] 외 1건,1280.0000000000,진행중,인쇄
20220905-1,PE,PE28mm 2kg [PE28M／M(백)2KG],1680.0000000000,진행중,인쇄
20220901-2,PE,PE28mm 2kg [PE28M／M(백)2KG],80.0000000000,진행중,인쇄
20220901-1,PP,PP15M [PP15MM*10KG(황색)],200.0000000000,진행중,인쇄
20220825-2,PP,PP6MM [PP6M／M10KG(백)] 외 2건,2538.0000000000,진행중,인쇄
20220825-1,PE,PE28mm 2kg [PE28M／M(백)2KG] 외 3건,2992.0000000000,진행중,인쇄
20220823-1,PP,PP6MM [PP6M／M10KG(백)] 외 2건,562.0000000000,진행중,인쇄
20220818-1,PP,"PE28mm, 6KG [PE28M／M(백)6KG] 외 1건",241.0000000000,진행중,인쇄
20220816-2,PE,PE28mm 2kg [PE28M／M(백)2KG] 외 2건,2792.0000000000,진행중,인쇄
20220816-1,PP,PP6MM [PP6M／M10KG(백)] 외 1건,2244.0000000000,진행중,인쇄
20220811-2,PP,PP6MM [PP6M／M10KG(백)],640.0000000000,진행중,인쇄
20220811-1,PE,PE28mm 2kg [PE28M／M(백)2KG] 외 1건,2400.0000000000,진행중,인쇄
20220809-1,PE,"PE28mm, 6KG [PE28M／M(백)6KG] 외 1건",241.0000000000,진행중,인쇄
20220802-2,PP,PP12M [PP12M／M10KG(백)] 외 2건,1883.0000000000,진행중,인쇄
20220802-1,PE,PE28mm 2kg [PE28M／M(백)2KG] 외 1건,2592.0000000000,진행중,인쇄
20220719-1,PP,PP6MM [PP6M／M10KG(백)] 외 3건,563.0000000000,진행중,인쇄
20220718-2,PE,"PE28mm, 6KG [PE28M／M(백)6KG] 외 1건",1840.0000000000,진행중,인쇄
20220718-1,PP,PP6MM [PP6M／M10KG(백)] 외 1건,2805.0000000000,진행중,인쇄
20220708-1,PP,PP6MM [PP6M／M10KG(백)] 외 2건,562.0000000000,진행중,인쇄
20220706-1,PP,PP6MM [PP6M／M10KG(백)] 외 2건,1123.0000000000,진행중,인쇄
20220705-1,PP,PP6MM [PP6M／M10KG(백)] 외 1건,2560.0000000000,진행중,인쇄
20220701-2,PP,PP6MM [PP6M／M10KG(백)] 외 2건,3175.0000000000,진행중,인쇄
20220701-1,PE,PE28mm 2kg [PE28M／M(백)2KG] 외 2건,2824.0000000000,진행중,인쇄
20220621-1,PE,PE28mm 2kg [PE28M／M(백)2KG] 외 1건,1952.0000000000,진행중,인쇄
20220617-1,PE,"PE50mm, 6KG [PE50M／M(백)6KG]",1200.0000000000,진행중,인쇄
20220615-2,PP,PP6MM [PP6M／M10KG(백)] 외 1건,1683.0000000000,진행중,인쇄
20220615-1,PE,PE28mm 2kg [PE28M／M(백)2KG] 외 1건,1952.0000000000,진행중,인쇄
20220614-1,PP,PP6MM [PP6M／M10KG(백)] 외 2건,562.0000000000,진행중,인쇄
20220613-1,PE,PE28mm 2kg [PE28M／M(백)2KG],1200.0000000000,진행중,인쇄
20220608-3,PE,"PE28mm, 6KG [PE28M／M(백)6KG] 외 1건",241.0000000000,진행중,인쇄
20220608-2,PP,PP6MM [PP6M／M10KG(백)] 외 1건,2244.0000000000,진행중,인쇄
20220608-1,PE,PE28mm 2kg [PE28M／M(백)2KG] 외 4건,3344.0000000000,진행중,인쇄
20220603-1,PE,PE28mm 2kg [PE28M／M(백)2KG] 외 1건,401.0000000000,진행중,인쇄
20220530-1,PE,"PE28mm, 6KG [PE28M／M(백)6KG] 외 1건",385.0000000000,진행중,인쇄
20220518-3,PP,PP6MM [PP6M／M10KG(황)] 외 1건,561.0000000000,진행중,인쇄
20220518-2,PE,PE28mm 2kg [PE28M／M(백)2KG] 외 1건,2240.0000000000,진행중,인쇄
20220518-1,PP,PP6MM [PP6M／M10KG(백)] 외 2건,2619.0000000000,진행중,인쇄
20220517-2,PP,PP6MM [PP6M／M10KG(황)],640.0000000000,진행중,인쇄
20220517-1,PE,PE28mm 2kg [PE28M／M(백)2KG],840.0000000000,진행중,인쇄
20220512-4,PP,PP6MM [PP6M／M10KG(백)] 외 1건,2244.0000000000,진행중,인쇄
20220512-3,PE,"PE28mm, 6KG [PE28M／M(백)6KG] 외 1건",2320.0000000000,진행중,인쇄
20220512-2,PE,PE28mm 2kg [PE28M／M(백)2KG],400.0000000000,진행중,인쇄
20220512-1,PE,"PE28mm, 6KG [PE28M／M(백)6KG] 외 1건",289.0000000000,진행중,인쇄
20220510-2,PP,PP6MM [PP6M／M10KG(백)] 외 2건,562.0000000000,진행중,인쇄
20220502-2,PE,PE28mm 2kg [PE28M／M(백)2KG] 외 1건,1520.0000000000,진행중,인쇄
20220502-1,PP,PP6MM [PP6M／M10KG(백)] 외 1건,1150.0000000000,진행중,인쇄
20220427-3,PP,PP6MM [PP6M／M10KG(백)] 외 2건,562.0000000000,진행중,인쇄
20220427-2,PP,PP6MM [PP6M／M10KG(백)] 외 2건,1121.0000000000,진행중,인쇄
20220427-1,PP,PP6MM [PP6M／M10KG(백)] 외 1건,2560.0000000000,진행중,인쇄
20220426-1,PP,PP6MM [PP6M／M10KG(백)] 외 2건,562.0000000000,진행중,인쇄
20220425-1,PE,"PE28mm, 6KG [PE28M／M(백)6KG] 외 1건",1856.0000000000,진행중,인쇄
20220418-3,PE,"PE28mm, 6KG [PE28M／M(백)6KG]",576.0000000000,진행중,인쇄
20220418-2,PE,PE28mm 2kg [PE28M／M(백)2KG] 외 1건,2340.0000000000,진행중,인쇄
20220418-1,PP,PP6MM [PP6M／M10KG(백)] 외 1건,1683.0000000000,진행중,인쇄
20220415-2,PP,PP6MM [PP6M／M10KG(백)] 외 2건,1123.0000000000,진행중,인쇄
20220412-1,PP,PP6MM [PP6M／M10KG(백)] 외 2건,562.0000000000,진행중,인쇄
20220411-2,PP,PP6MM [PP6M／M10KG(백)] 외 1건,1122.0000000000,진행중,인쇄
20220411-1,PE,PE28mm 2kg [PE28M／M(백)2KG] 외 1건,3040.0000000000,진행중,인쇄
20220406-1,PE,"PE50mm, 6KG [PE50M／M(백)6KG] 외 1건",241.0000000000,진행중,인쇄
20220401-2,PE,PE28mm 2kg [PE28M／M(백)2KG] 외 3건,2916.0000000000,진행중,인쇄
20220401-1,PP,PP12M [PP12M／M10KG(백)] 외 2건,1322.0000000000,진행중,인쇄
20220331-1,PE,PE28mm 2kg [PE28M／M(백)2KG],1280.0000000000,진행중,인쇄
20220330-3,PP,PP6MM [PP6M／M10KG(백)] 외 2건,562.0000000000,진행중,인쇄
20220330-2,PP,PP6MM [PP6M／M10KG(백)] 외 2건,562.0000000000,진행중,인쇄
20220330-1,PP,PP6MM [PP6M／M10KG(백)],2560.0000000000,진행중,인쇄
20220325-1,PP,PP6MM [PP6M／M10KG(백)] 외 2건,562.0000000000,진행중,인쇄
20220324-2,PP,PP6MM [PP6M／M10KG(백)] 외 2건,702.0000000000,진행중,인쇄
20220324-1,PE,PE28mm 2kg [PE28M／M(백)2KG] 외 2건,2792.0000000000,진행중,인쇄
20220315-2,PP,PP6MM [PP6M／M10KG(백)] 외 2건,562.0000000000,진행중,인쇄
20220315-1,PE,"PE28mm, 6KG [PE28M／M(백)6KG] 외 1건",1201.0000000000,진행중,인쇄
20220310-4,PP,PP6MM [PP6M／M10KG(백)],2240.0000000000,진행중,인쇄
20220310-3,PE,PE28mm 2kg [PE28M／M(백)2KG] 외 2건,1604.0000000000,진행중,인쇄
20220309-2,PE,PE28mm 2kg [PE28M／M(백)2KG],840.0000000000,진행중,인쇄
20220309-1,PP,PP6MM [PP6M／M10KG(백)] 외 1건,1920.0000000000,진행중,인쇄
20220308-1,PE,"PE28mm, 6KG [PE28M／M(백)6KG] 외 1건",241.0000000000,진행중,인쇄
20220303-1,PP,PP6MM [PP6M／M10KG(백)] 외 2건,562.0000000000,진행중,인쇄
20220225-2,PP,PP6MM [PP6M／M10KG(백)] 외 1건,2244.0000000000,진행중,인쇄
20220225-1,PE,PE28mm 2kg [PE28M／M(백)2KG],3200.0000000000,진행중,인쇄
20220222-1,PE,PE28mm 2kg [PE28M／M(백)2KG] 외 1건,592.0000000000,진행중,인쇄
20220216-2,PP,PP6MM [PP6M／M10KG(백)] 외 2건,562.0000000000,진행중,인쇄
20220216-1,PP,PP6MM [PP6M／M10KG(백)] 외 1건,2560.0000000000,진행중,인쇄
20220214-1,PP,PP6MM [PP6M／M10KG(청)] 외 1건,401.0000000000,진행중,인쇄
20220209-2,PP,PP6MM [PP6M／M10KG(백)] 외 1건,3366.0000000000,진행중,인쇄
20220209-1,PE,PE28mm 2kg [PE28M／M(백)2KG] 외 1건,2624.0000000000,진행중,인쇄
20220208-1,PP,PP6MM [PP6M／M10KG(백)] 외 2건,562.0000000000,진행중,인쇄
20220207-1,PE,PE28mm 2kg [PE28M／M(백)2KG],1280.0000000000,진행중,인쇄
20220127-1,PP,PP6MM [PP6M／M10KG(백)] 외 2건,562.0000000000,진행중,인쇄
20220126-2,PE,PE28mm 2kg [PE28M／M(백)2KG],2520.0000000000,진행중,인쇄
20220126-1,PP,PP6MM [PP6M／M10KG(백)],1920.0000000000,진행중,인쇄
20220121-1,PP,PP6MM [PP6M／M10KG(백)] 외 2건,562.0000000000,진행중,인쇄
20220119-1,PP,PP6MM [PP6M／M10KG(백)] 외 2건,562.0000000000,진행중,인쇄
20220117-2,PE,PE28mm 2kg [PE28M／M(백)2KG] 외 3건,3152.0000000000,진행중,인쇄
20220117-1,PP,PP6MM [PP6M／M10KG(백)] 외 3건,3394.0000000000,진행중,인쇄
20220113-1,PP,PP6MM [PP6M／M10KG(백)] 외 2건,562.0000000000,진행중,인쇄
20220112-2,PP,PP6MM [PP6M／M10KG(백)] 외 1건,561.0000000000,진행중,인쇄
20220112-1,PE,PE28mm 2kg [PE28M／M(백)2KG] 외 1건,1312.0000000000,진행중,인쇄
20220110-1,PE,PE28mm 2kg [PE28M／M(백)2KG],1680.0000000000,진행중,인쇄
20220106-2,PE,PE28mm 2kg [PE28M／M(백)2KG],1280.0000000000,진행중,인쇄
20220106-1,PE,"PE28mm, 6KG [PE28M／M(백)6KG] 외 1건",1201.0000000000,진행중,인쇄
20211231-1,PP,PP6MM [PP6M／M10KG(백)] 외 2건,2564.0000000000,진행중,인쇄
20211228-4,PP,PP6MM [PP6M／M10KG(황)] 외 2건,482.0000000000,진행중,인쇄
20211228-3,PP,PP6MM [PP6M／M10KG(백)] 외 2건,562.0000000000,진행중,인쇄
20211228-2,PP,PP6MM [PP6M／M10KG(백)] 외 1건,1122.0000000000,진행중,인쇄
20211228-1,PE,PE28mm 2kg [PE28M／M(백)2KG] 외 3건,2584.0000000000,진행중,인쇄
20211223-2,PE,PE28mm 2kg [PE28M／M(백)2KG],2520.0000000000,진행중,인쇄
20211223-1,PP,PP6MM [PP6M／M10KG(백)] 외 3건,1924.0000000000,진행중,인쇄
20211222-2,PP,PP6MM [PP6M／M10KG(백)] 외 1건,1001.0000000000,진행중,인쇄
20211222-1,PE,PE28mm 2kg [PE28M／M(백)2KG] 외 1건,808.0000000000,진행중,인쇄
20211221-2,PE,"PE28mm, 6KG [PE28M／M(백)6KG]",672.0000000000,진행중,인쇄
20211221-1,PP,PP6MM [PP6M／M10KG(백)] 외 2건,562.0000000000,진행중,인쇄
20211214-1,PP,PP6MM [PP6M／M10KG(백)],-30.0000000000,진행중,인쇄
20211213-2,PE,PE28mm 2kg [PE28M／M(백)2KG],1920.0000000000,진행중,인쇄
20211213-1,PP,PP6MM [PP6M／M10KG(백)] 외 1건,501.0000000000,진행중,인쇄
20211207-1,PP,PP6MM [PP6M／M10KG(백)] 외 2건,562.0000000000,진행중,인쇄
20211206-1,PE,PE28mm 2kg [PE28M／M(백)2KG],1280.0000000000,진행중,인쇄
20211202-3,PP,PP6MM [PP6M／M10KG(백)] 외 3건,1124.0000000000,진행중,인쇄
20211202-2,PE,"PE28mm, 6KG [PE28M／M(백)6KG] 외 1건",1312.0000000000,진행중,인쇄
20211202-1,PP,PP6MM [PP6M／M10KG(백)] 외 1건,2244.0000000000,진행중,인쇄
20211130-2,PE,PE28mm 2kg [PE28M／M(백)2KG],1680.0000000000,진행중,인쇄
20211130-1,PP,PP6MM [PP6M／M10KG(백)] 외 1건,1282.0000000000,진행중,인쇄
20211126-3,PE,PE28mm 2kg [PE28M／M(백)2KG] 외 1건,2624.0000000000,진행중,인쇄
20211126-1,PP,PP6MM [PP6M／M10KG(백)] 외 3건,1543.0000000000,진행중,인쇄
20211119-1,PP,PP15M [PP15M／M9.5KG(적색)],950.0000000000,진행중,인쇄
20211116-2,PE,"PE50mm, 6KG [PE50M／M(백)6KG] 외 3건",3784.0000000000,진행중,인쇄
20211116-1,PP,PP6MM [PP6M／M10KG(백)] 외 1건,561.0000000000,진행중,인쇄
20211112-2,PP,PP6MM [PP6M／M10KG(백)] 외 1건,1122.0000000000,진행중,인쇄
20211112-1,PP,PP6MM [PP6M／M10KG(백)] 외 2건,562.0000000000,진행중,인쇄
20211111-2,상품,PP6MM [PP6M／M10KG(백)] 외 2건,562.0000000000,진행중,인쇄
20211111-1,상품,PP6MM [PP6M／M10KG(백)] 외 2건,562.0000000000,진행중,인쇄
20211110-1,PE,"PE28mm, 6KG [PE28M／M(백)6KG] 외 1건",1201.0000000000,진행중,인쇄
20211109-2,PP,PP6MM [PP6M／M10KG(백)] 외 2건,202.0000000000,진행중,인쇄
20211109-1,PP,PP6MM [PP6M／M10KG(백)] 외 2건,562.0000000000,진행중,인쇄
20211025-5,PP,PP6MM [PP6M／M10KG(백)] 외 2건,562.0000000000,진행중,인쇄
20211025-4,PE,PE28mm 2kg [PE28M／M(백)2KG] 외 1건,161.0000000000,진행중,인쇄
20211025-3,PP,PP6MM [PP6M／M10KG(백)] 외 1건,481.0000000000,진행중,인쇄
20211025-2,PE,PE28mm 2kg [PE28M／M(백)2KG] 외 3건,2352.0000000000,진행중,인쇄
20211025-1,PP,PP6MM [PP6M／M10KG(백)] 외 2건,1061.0000000000,진행중,인쇄
20211022-2,PP,PP6MM [PP6M／M10KG(백)] 외 1건,561.0000000000,진행중,인쇄
20211020-1,PP,PP6MM [PP6M／M10KG(백)] 외 1건,561.0000000000,진행중,인쇄
20211019-1,PP,PP6MM [PP6M／M10KG(백)],900.0000000000,진행중,인쇄
20211016-2,PP,PE28mm 2kg [PE28M／M(황)2KG] 외 1건,672.0000000000,진행중,인쇄
20211016-1,PP,PP6MM [PP6M／M10KG(황)] 외 2건,1920.0000000000,진행중,인쇄
20211014-2,PP,PP6MM [PP6M／M10KG(백)],1000.0000000000,진행중,인쇄
20211014-1,PE,PE28mm 2kg [PE28M／M(백)2KG] 외 1건,3904.0000000000,진행중,인쇄
20211007-1,PE,PE28mm 2kg [PE28M／M(백)2KG],1280.0000000000,진행중,인쇄
20211005-2,PP,PP6MM [PP6M／M10KG(백)] 외 1건,561.0000000000,진행중,인쇄
20211005-1,PP,PP6MM [PP6M／M10KG(백)] 외 1건,561.0000000000,진행중,인쇄
20210930-1,PP,PP6MM [PP6M／M10KG(백)] 외 1건,3000.0000000000,진행중,인쇄
20210929-1,PP,"PE28mm, 6KG [PE28M／M(백)6KG] 외 1건",3264.0000000000,진행중,인쇄
20210910-2,PP,PP6MM [PP6M／M10KG(백)],3000.0000000000,진행중,인쇄
20210910-1,PE,"PE28mm, 6KG [PE28M／M(백)6KG] 외 1건",3264.0000000000,진행중,인쇄
20210908-3,PP,PP6MM [PP6M／M10KG(백)],1280.0000000000,진행중,인쇄
20210908-2,PE,PE28mm 2kg [PE28M／M(백)2KG] 외 1건,3192.0000000000,진행중,인쇄
20210908-1,PE,PE28mm 2kg [PE28M／M(백)2KG],560.0000000000,진행중,인쇄
20210907-2,PP,PP6MM [PP6M／M10KG(백)] 외 1건,561.0000000000,진행중,인쇄
20210907-1,PE,"PE28mm, 6KG [PE28M／M(백)6KG] 외 1건",1201.0000000000,진행중,인쇄
20210902-1,PE,PE28mm 2kg [PE28M／M(백)2KG] 외 1건,561.0000000000,진행중,인쇄
20210831-1,PP,PP6MM [PP6M／M10KG(백)] 외 2건,482.0000000000,진행중,인쇄
20210825-1,PE,PE28mm 2kg [PE28M／M(백)2KG],1280.0000000000,진행중,인쇄
20210824-1,PE,PP6MM [PP6M／M10KG(백)] 외 1건,481.0000000000,진행중,인쇄
20210820-3,PP,PP15M [PP15M／M9.5KG(적색)],475.0000000000,진행중,인쇄
20210820-2,PP,PP6MM [PP6M／M10KG(백)],3000.0000000000,진행중,인쇄
20210820-1,PE,"PE28mm, 6KG [PE28M／M(백)6KG] 외 1건",1544.0000000000,진행중,인쇄
20210819-1,PP,PP6MM [PP6M／M10KG(백)] 외 1건,561.0000000000,진행중,인쇄
20210817-1,상품,PE28mm 2kg [PE28M／M(백)2KG],580.0000000000,진행중,인쇄
20210811-1,PP,PP6MM [PP6M／M10KG(백)] 외 1건,481.0000000000,진행중,인쇄
20210810-1,PP,PP6MM [PP6M／M10KG(백)],-160.0000000000,진행중,인쇄
20210807-2,PE,PE28mm 2kg [PE28M／M(백)2KG],2520.0000000000,진행중,인쇄
20210807-1,PP,PP6MM [PP6M／M10KG(백)] 외 1건,1840.0000000000,진행중,인쇄
20210806-3,PP,PP6MM [PP6M／M10KG(백)] 외 1건,561.0000000000,진행중,인쇄
20210806-2,PP,PP6MM [PP6M／M10KG(백)],1000.0000000000,진행중,인쇄
20210806-1,PE,PE28mm 2kg [PE28M／M(백)2KG] 외 1건,2592.0000000000,진행중,인쇄
20210728-1,PP,PP6MM [PP6M／M10KG(백)] 외 1건,561.0000000000,진행중,인쇄
20210723-1,PP,PP6MM [PP6M／M10KG(백)],1000.0000000000,진행중,인쇄
20210716-4,상품,PE28mm 2kg [PE28M／M(백)2KG],1280.0000000000,진행중,인쇄
20210716-3,PE,"PE28mm, 6KG [PE28M／M(백)6KG]",1344.0000000000,진행중,인쇄
20210716-2,상품,PE28mm 2kg [PE28M／M(백)2KG],1920.0000000000,진행중,인쇄
20210716-1,PP,PP6MM [PP6M／M10KG(백)] 외 3건,4150.0000000000,진행중,인쇄
20210706-1,PE,"PE50mm, 6KG [PE50M／M(백)6KG] 외 4건",660.0000000000,진행중,인쇄
20210630-3,PE,PE28mm 2kg [PE28M／M(녹)2KG] 외 2건,520.5000000000,진행중,인쇄
20210630-2,PE,"PE28mm, 6KG [PE28M／M(백)6KG] 외 2건",992.0000000000,진행중,인쇄
20210630-1,PP,PP6MM [PP6M／M10KG(백)],1280.0000000000,진행중,인쇄
20210629-2,PE,"PE28mm, 6KG [PE28M／M(백)6KG]",1152.0000000000,진행중,인쇄
20210629-1,PP,PP6MM [PP6M／M10KG(백)],1280.0000000000,진행중,인쇄
20210628-1,PP,PP6MM [PP6M／M10KG(백)] 외 1건,561.0000000000,진행중,인쇄
20210616-1,PP,"12 x 3,017M 0.55T [12x3,017M(투명)] 외 1건",46.0000000000,진행중,인쇄
20210611-1,PP,PP6MM [PP6M／M10KG(백)] 외 2건,1151.0000000000,진행중,인쇄
20210609-2,상품,PP 05MM [05MM x 7000 x 0.50MM Clear],20.0000000000,진행중,인쇄
20210609-1,PE,PE28mm 2kg [PE28M／M(백)2KG] 외 1건,3264.0000000000,진행중,인쇄
20210608-1,PP,PP6MM [PP6M／M10KG(백)],2000.0000000000,진행중,인쇄
20210607-1,PE,PE28mm 2kg [PE28M／M(백)2KG],3360.0000000000,진행중,인쇄
20210602-2,PE,PE28mm 2kg [PE28M／M(백)2KG] 외 1건,1952.0000000000,진행중,인쇄
20210602-1,PP,PP6MM [PP6M／M10KG(백)],1930.0000000000,진행중,인쇄
20210601-1,PP,PP6MM [PP6M／M10KG(백)] 외 1건,561.0000000000,진행중,인쇄
20210526-2,PE,PE28mm 2kg [PE28M／M(백)2KG],120.0000000000,진행중,인쇄
20210526-1,PP,PP6MM [PP6M／M10KG(백)] 외 1건,501.0000000000,진행중,인쇄
20210525-1,PE,PE28mm 2kg [PE28M／M(백)2KG] 외 1건,2400.0000000000,진행중,인쇄
20210521-1,PE,"PE28mm, 6KG [PE28M／M(백)6KG] 외 1건",25.0000000000,진행중,인쇄
20210518-4,PE,"PE28mm, 6KG [PE28M／M(백)6KG]",768.0000000000,진행중,인쇄
20210518-3,PE,"PE28mm, 6KG [PE28M／M(백)6KG]",360.0000000000,진행중,인쇄
20210518-2,PE,PE28mm 2kg [PE28M／M(백)2KG],640.0000000000,진행중,인쇄
20210518-1,PP,PP6MM [PP6M／M10KG(백)],1000.0000000000,진행중,인쇄
20210517-2,PP,PP6MM [PP6M／M10KG(백)] 외 1건,561.0000000000,진행중,인쇄
20210517-1,PE,PE28mm 2kg [PE28M／M(백)2KG],1280.0000000000,진행중,인쇄
20210514-1,PE,"PE28mm, 6KG [PE28M／M(백)6KG]",2400.0000000000,진행중,인쇄
20210512-1,PE,PE28mm 2kg [PE28M／M(백)2KG],640.0000000000,진행중,인쇄
20210507-3,PE,PE28mm 2kg [PE28M／M(백)2KG] 외 2건,1680.0000000000,진행중,인쇄
20210507-2,PP,PP6MM [PP6M／M10KG(백)] 외 1건,561.0000000000,진행중,인쇄
20210507-1,PP,PP6MM [PP6M／M10KG(백)],560.0000000000,진행중,인쇄
20210503-3,PP,PP6MM [PP6M／M10KG(백)] 외 1건,481.0000000000,진행중,인쇄
20210503-2,PE,"PE28mm, 6KG [PE28M／M(백)6KG] 외 1건",1952.0000000000,진행중,인쇄
20210503-1,PP,PP15M [PP15M／M3.8KG(1000M)(황색)] 외 2건,2372.1000000000,진행중,인쇄
20210501-1,PP,PP12M [PP12M／M12.5KG (황)] 외 3건,3605.0000000000,진행중,인쇄
20210429-2,PP,PP6MM [PP6M／M10KG(백)] 외 1건,481.0000000000,진행중,인쇄
20210422-2,PE,PE28mm 2kg [PE28M／M(백)2KG],800.0000000000,진행중,인쇄
20210422-1,PP,PP6MM [PP6M／M10KG(백)],1500.0000000000,진행중,인쇄
20210421-3,PP,PP6MM [PP6M／M10KG(백)] 외 1건,561.0000000000,진행중,인쇄
20210421-2,PE,PE28mm 2kg [PE28M／M(백)2KG] 외 1건,340.0000000000,진행중,인쇄
20210421-1,PP,PP6MM [PP6M／M10KG(백)],500.0000000000,진행중,인쇄
20210414-2,PE,"PE28mm, 6KG [PE28M／M(백)6KG] 외 3건",2272.0000000000,진행중,인쇄
20210413-3,PE,PE28mm 2kg [PE28M／M(백)2KG],1608.0000000000,진행중,인쇄
20210412-1,PE,PE28mm 2kg [PE28M／M(청)2KG] 외 3건,1092.0000000000,진행중,인쇄
20210408-4,PE,"PE28mm, 6KG [PE28M／M(백)6KG]",1248.0000000000,진행중,인쇄
20210408-3,PP,PP6MM [PP6M／M10KG(백)],2000.0000000000,진행중,인쇄
20210408-1,PE,"PE50mm, 6KG [PE50M／M(백)6KG]",2400.0000000000,진행중,인쇄
20210406-2,PP,PP6MM [PP6M／M10KG(백)],1120.0000000000,진행중,인쇄
20210331-1,PE,PE28mm 2kg [PE28M／M(황)2KG] 외 1건,1048.0000000000,진행중,인쇄
20210329-2,PE,PE28mm 2kg [PE28M／M(백)2KG],3360.0000000000,진행중,인쇄
20210329-1,상품,PE28mm 2kg [PE28M／M(백)2KG],1280.0000000000,진행중,인쇄
20210324-4,PP,PP6MM [PP6M／M10KG(백)] 외 1건,561.0000000000,진행중,인쇄
20210324-3,PP,PP6MM [PP6M／M10KG(백)],1420.0000000000,진행중,인쇄
20210324-2,PE,PE28mm 2kg [PE28M／M(청)2KG] 외 2건,972.0000000000,진행중,인쇄
20210324-1,상품,PE28mm 2kg [PE28M／M(백)2KG],2400.0000000000,진행중,인쇄
20210322-2,PE,"PE28mm, 6KG [PE28M／M(백)6KG]",960.0000000000,진행중,인쇄
20210322-1,PE,PE28mm 2kg [PE28M／M(백)2KG] 외 1건,3352.0000000000,진행중,인쇄
20210318-2,상품,스트레치필름(에어맥스 핸드랩) [400mm*500m],4.0000000000,진행중,인쇄
20210318-1,상품,PE28mm 2kg [PE28M／M(백)2KG],800.0000000000,진행중,인쇄
20210309-1,PE,PE28mm 2kg [PE28M／M(황)2KG] 외 2건,1296.0000000000,진행중,인쇄
20210304-3,PP,PP15M [PP15M／M13KG(황)],130.0000000000,진행중,인쇄
20210304-2,PP,PP6MM [PP6M／M10KG(백)] 외 1건,2375.0000000000,진행중,인쇄
20210304-1,PE,"PE28mm, 6KG [PE28M／M(백)6KG] 외 3건",4464.0000000000,진행중,인쇄
20210226-1,PP,PP6MM [PP6M／M10KG(백)] 외 1건,241.0000000000,진행중,인쇄
20210224-1,PP,PP6MM [PP6M／M10KG(백)] 외 1건,241.0000000000,진행중,인쇄
20210218-2,PE,PE28mm 2kg [PE28M／M(백)2KG] 외 1건,3192.0000000000,진행중,인쇄
20210218-1,PP,PP6MM [PP6M／M10KG(백)],1280.0000000000,진행중,인쇄
20210215-2,PP,PP6MM [PP6M／M10KG(백)],840.0000000000,진행중,인쇄
20210215-1,PE,PE28mm 2kg [PE28M／M(백)2KG] 외 1건,3904.0000000000,진행중,인쇄
20210203-2,PP,PP6MM [PP6M／M10KG(백)],-400.0000000000,진행중,인쇄
20210203-1,PE,PE28mm 2kg [PE28M／M(백)2KG],640.0000000000,진행중,인쇄
20210202-1,PE,PE28mm 2kg [PE28M／M(백)2KG] 외 1건,1248.0000000000,진행중,인쇄
20210126-2,PE,PE28mm 2kg [PE28M／M(백)2KG] 외 1건,2624.0000000000,진행중,인쇄
20210126-1,PP,PP6MM [PP6M／M10KG(백)],3000.0000000000,진행중,인쇄
20210125-2,PE,PE28mm 2kg [PE28M／M(백)2KG],2520.0000000000,진행중,인쇄
20210125-1,PP,PP6MM [PP6M／M10KG(백)],3920.0000000000,진행중,인쇄
20210122-2,PE,PE28mm 2kg [PE28M／M(백)2KG],1280.0000000000,진행중,인쇄
20210122-1,PP,PP6MM [PP6M／M10KG(백)],1000.0000000000,진행중,인쇄
20210114-1,PP,PP6MM [PP6M／M10KG(백)] 외 1건,561.0000000000,진행중,인쇄
20210111-2,PP,PP6MM [PP6M／M10KG(백)],2000.0000000000,진행중,인쇄
20210111-1,PE,PE28mm 2kg [PE28M／M(백)2KG] 외 1건,1472.0000000000,진행중,인쇄
20210105-2,PE,PE28mm 2kg [PE28M／M(황)2KG],400.0000000000,진행중,인쇄
20210105-1,상품,PE28mm 2kg [PE28M／M(백)2KG],320.0000000000,진행중,인쇄
20201230-4,PP,PP6MM [PP6M／M10KG(백)] 외 1건,481.0000000000,진행중,인쇄
20201229-10,PP,PP6MM [PP6M／M10KG(백)] 외 1건,2200.0000000000,진행중,인쇄
20201229-9,PE,PE28mm 2kg [PE28M／M(황)2KG],200.0000000000,진행중,인쇄
20201229-7,PP,PP6MM [PP6M／M10KG(백)],1660.0000000000,진행중,인쇄
20201229-6,PE,PE28mm 2kg [PE28M／M(백)2KG],2520.0000000000,진행중,인쇄
20201223-1,PP,PP6MM [PP6M／M10KG(백)] 외 1건,561.0000000000,진행중,인쇄
20201216-2,PE,PE28mm 2kg [PE28M／M(백)2KG],1680.0000000000,진행중,인쇄
20201216-1,PP,PP6MM [PP6M／M10KG(백)] 외 1건,1620.0000000000,진행중,인쇄
20201214-2,PE,PE28mm 2kg [PE28M／M(청)2KG] 외 4건,4164.0000000000,진행중,인쇄
20201214-1,PP,PP15M [PP15M／M9.5KG(적색)] 외 1건,2034.5000000000,진행중,인쇄
20201211-1,PP,PP6MM [PP6M／M10KG(백)] 외 1건,561.0000000000,진행중,인쇄
20201210-1,PE,PE28mm 2kg [PE28M／M(백)2KG] 외 1건,1280.0000000000,진행중,인쇄
20201203-1,PE,"PE28mm, 6KG [PE28M／M(백)6KG]",768.0000000000,진행중,인쇄
20201201-1,PP,PP6MM [PP6M／M10KG(백)],560.0000000000,진행중,인쇄
20201126-2,PP,PP6MM [PP6M／M10KG(백)] 외 2건,2975.0000000000,진행중,인쇄
20201126-1,PE,PE28mm 2kg [PE28M／M(백)2KG] 외 3건,3784.0000000000,진행중,인쇄
20201124-1,PP,PP6MM [PP6M／M10KG(백)],500.0000000000,진행중,인쇄
20201112-2,PP,PP6MM [PP6M／M10KG(백)],2000.0000000000,진행중,인쇄
20201112-1,PE,PE28mm 2kg [PE28M／M(백)2KG] 외 1건,3536.0000000000,진행중,인쇄
20201110-2,PE,PE28mm 2kg [PE28M／M(백)2KG] 외 1건,592.0000000000,진행중,인쇄
20201110-1,PP,PP6MM [PP6M／M10KG(백)],1000.0000000000,진행중,인쇄
20201109-1,PP,PP6MM [PP6M／M10KG(백)] 외 1건,561.0000000000,진행중,인쇄
20201106-1,PE,PE28mm 2kg [PE28M／M(백)2KG],1120.0000000000,진행중,인쇄
20201105-2,PE,PE28mm 2kg [PE28M／M(백)2KG],2520.0000000000,진행중,인쇄
20201105-1,PP,PP6MM [PP6M／M10KG(백)],560.0000000000,진행중,인쇄
20200904-1,PE,PE28mm 2kg [PE28M／M(백)2KG],100.0000000000,진행중,인쇄
20200828-1,PP,PP15M [PP15MM*10KG(황색)] 외 1건,481.0000000000,진행중,인쇄
20150331-1,PE,"PE28mm, 6KG [PE28M／M(백)6KG]",24.0000000000,진행중,인쇄
20150119-1,PE,PE28mm 2kg [PE28M／M(백)2KG],2400.0000000000,진행중,인쇄
20140623-1,PE,PE28mm 2kg [PE28M／M(백)2KG] ,60.0000000000,진행중,인쇄
20130610-1,PE,PE28mm 2kg [PE28M／M(백)2KG] ,220.0000000000,진행중,인쇄
2026/01/05 (월) 오후 4:28:28,,,,,